"id","ope_rat_id","obs_id","obs_value","obs_name","time"
"1","2","1004","100","0","8/1/2025 07:57:34"
"2","2","1003","91","0","8/1/2025 07:57:34"
"3","2","1001","91","0","8/1/2025 07:57:34"
"4","2","2003","38","0","8/1/2025 07:57:34"
"5","2","1018","97","0","8/1/2025 07:57:34"
"6","2","5001","57","0","8/1/2025 07:57:34"
"7","2","1004","100","0","8/1/2025 07:57:35"
"8","2","1003","91","0","8/1/2025 07:57:35"
"9","2","1001","91","0","8/1/2025 07:57:35"
"10","2","2003","38","0","8/1/2025 07:57:35"
"11","2","1018","97","0","8/1/2025 07:57:35"
"12","2","5001","57","0","8/1/2025 07:57:35"
"13","2","1004","100","0","8/1/2025 07:57:36"
"14","2","1003","91","0","8/1/2025 07:57:36"
"15","2","1001","91","0","8/1/2025 07:57:36"
"16","2","2003","38","0","8/1/2025 07:57:36"
"17","2","1018","97","0","8/1/2025 07:57:36"
"18","2","5001","57","0","8/1/2025 07:57:36"
"19","2","1004","100","0","8/1/2025 07:57:37"
"20","2","1003","91","0","8/1/2025 07:57:37"
"21","2","1001","91","0","8/1/2025 07:57:37"
"22","2","2003","38","0","8/1/2025 07:57:37"
"23","2","1018","96","0","8/1/2025 07:57:37"
"24","2","5001","57","0","8/1/2025 07:57:37"
"25","2","1004","100","0","8/1/2025 07:57:38"
"26","2","1003","91","0","8/1/2025 07:57:38"
"27","2","1001","91","0","8/1/2025 07:57:38"
"28","2","2003","38","0","8/1/2025 07:57:38"
"29","2","1018","96","0","8/1/2025 07:57:38"
"30","2","5001","57","0","8/1/2025 07:57:38"
"31","2","1004","100","0","8/1/2025 07:57:39"
"32","2","1003","91","0","8/1/2025 07:57:39"
"33","2","1001","91","0","8/1/2025 07:57:39"
"34","2","2003","38","0","8/1/2025 07:57:39"
"35","2","1018","96","0","8/1/2025 07:57:39"
"36","2","5001","57","0","8/1/2025 07:57:39"
"37","2","1004","100","0","8/1/2025 07:57:40"
"38","2","1003","90","0","8/1/2025 07:57:40"
"39","2","1001","90","0","8/1/2025 07:57:40"
"40","2","2003","38","0","8/1/2025 07:57:40"
"41","2","1018","96","0","8/1/2025 07:57:40"
"42","2","5001","56","0","8/1/2025 07:57:40"
"43","2","1004","100","0","8/1/2025 07:57:41"
"44","2","1003","90","0","8/1/2025 07:57:41"
"45","2","1001","90","0","8/1/2025 07:57:41"
"46","2","2003","38","0","8/1/2025 07:57:41"
"47","2","1018","96","0","8/1/2025 07:57:41"
"48","2","5001","53","0","8/1/2025 07:57:41"
"49","2","1004","100","0","8/1/2025 07:57:42"
"50","2","1003","89","0","8/1/2025 07:57:42"
"51","2","1001","89","0","8/1/2025 07:57:42"
"52","2","2003","38","0","8/1/2025 07:57:42"
"53","2","1018","96","0","8/1/2025 07:57:42"
"54","2","5001","52","0","8/1/2025 07:57:42"
"55","2","1004","100","0","8/1/2025 07:57:43"
"56","2","1003","89","0","8/1/2025 07:57:43"
"57","2","1001","89","0","8/1/2025 07:57:43"
"58","2","2003","38","0","8/1/2025 07:57:43"
"59","2","1018","96","0","8/1/2025 07:57:43"
"60","2","5001","51","0","8/1/2025 07:57:43"
"61","2","1004","100","0","8/1/2025 07:57:44"
"62","2","1003","88","0","8/1/2025 07:57:44"
"63","2","1001","88","0","8/1/2025 07:57:44"
"64","2","2003","38","0","8/1/2025 07:57:44"
"65","2","1018","96","0","8/1/2025 07:57:44"
"66","2","5001","49","0","8/1/2025 07:57:44"
"67","2","1004","100","0","8/1/2025 07:57:45"
"68","2","1003","88","0","8/1/2025 07:57:45"
"69","2","1001","88","0","8/1/2025 07:57:45"
"70","2","2003","38","0","8/1/2025 07:57:45"
"71","2","1018","96","0","8/1/2025 07:57:45"
"72","2","5001","48","0","8/1/2025 07:57:45"
"73","2","1004","100","0","8/1/2025 07:57:46"
"74","2","1003","88","0","8/1/2025 07:57:46"
"75","2","1001","88","0","8/1/2025 07:57:46"
"76","2","2003","38","0","8/1/2025 07:57:46"
"77","2","1018","96","0","8/1/2025 07:57:46"
"78","2","5001","49","0","8/1/2025 07:57:46"
"79","2","1004","100","0","8/1/2025 07:57:47"
"80","2","1003","87","0","8/1/2025 07:57:47"
"81","2","1001","87","0","8/1/2025 07:57:47"
"82","2","2003","38","0","8/1/2025 07:57:47"
"83","2","1018","95","0","8/1/2025 07:57:47"
"84","2","5001","48","0","8/1/2025 07:57:47"
"85","2","1004","100","0","8/1/2025 07:57:48"
"86","2","1003","87","0","8/1/2025 07:57:48"
"87","2","1001","87","0","8/1/2025 07:57:48"
"88","2","2003","39","0","8/1/2025 07:57:48"
"89","2","1018","94","0","8/1/2025 07:57:48"
"90","2","5001","46","0","8/1/2025 07:57:48"
"91","2","1004","100","0","8/1/2025 07:57:49"
"92","2","1003","87","0","8/1/2025 07:57:49"
"93","2","1001","87","0","8/1/2025 07:57:49"
"94","2","2003","39","0","8/1/2025 07:57:49"
"95","2","1018","92","0","8/1/2025 07:57:49"
"96","2","5001","46","0","8/1/2025 07:57:49"
"97","2","1004","100","0","8/1/2025 07:57:50"
"98","2","1003","87","0","8/1/2025 07:57:50"
"99","2","1001","87","0","8/1/2025 07:57:50"
"100","2","2003","39","0","8/1/2025 07:57:50"
"101","2","1018","92","0","8/1/2025 07:57:50"
"102","2","5001","45","0","8/1/2025 07:57:50"
"103","2","1004","100","0","8/1/2025 07:57:51"
"104","2","1003","88","0","8/1/2025 07:57:51"
"105","2","1001","88","0","8/1/2025 07:57:51"
"106","2","2003","39","0","8/1/2025 07:57:51"
"107","2","1018","93","0","8/1/2025 07:57:51"
"108","2","5001","44","0","8/1/2025 07:57:51"
"109","2","1004","100","0","8/1/2025 07:57:52"
"110","2","1003","88","0","8/1/2025 07:57:52"
"111","2","1001","88","0","8/1/2025 07:57:52"
"112","2","2003","39","0","8/1/2025 07:57:52"
"113","2","1018","94","0","8/1/2025 07:57:52"
"114","2","5001","44","0","8/1/2025 07:57:52"
"115","2","1004","100","0","8/1/2025 07:57:53"
"116","2","1003","88","0","8/1/2025 07:57:53"
"117","2","1001","88","0","8/1/2025 07:57:53"
"118","2","2003","39","0","8/1/2025 07:57:53"
"119","2","1018","94","0","8/1/2025 07:57:53"
"120","2","5001","44","0","8/1/2025 07:57:53"
"121","2","1004","100","0","8/1/2025 07:57:54"
"122","2","1003","88","0","8/1/2025 07:57:54"
"123","2","1001","88","0","8/1/2025 07:57:54"
"124","2","2003","39","0","8/1/2025 07:57:54"
"125","2","1018","94","0","8/1/2025 07:57:54"
"126","2","5001","44","0","8/1/2025 07:57:54"
"127","2","1004","100","0","8/1/2025 07:57:55"
"128","2","1003","88","0","8/1/2025 07:57:55"
"129","2","1001","88","0","8/1/2025 07:57:55"
"130","2","2003","39","0","8/1/2025 07:57:55"
"131","2","1018","94","0","8/1/2025 07:57:55"
"132","2","5001","45","0","8/1/2025 07:57:55"
"133","2","1004","100","0","8/1/2025 07:57:56"
"134","2","1003","89","0","8/1/2025 07:57:56"
"135","2","1001","89","0","8/1/2025 07:57:56"
"136","2","2003","39","0","8/1/2025 07:57:56"
"137","2","1018","94","0","8/1/2025 07:57:56"
"138","2","5001","46","0","8/1/2025 07:57:56"
"139","2","1004","100","0","8/1/2025 07:57:57"
"140","2","1003","89","0","8/1/2025 07:57:57"
"141","2","1001","89","0","8/1/2025 07:57:57"
"142","2","2003","39","0","8/1/2025 07:57:57"
"143","2","1018","95","0","8/1/2025 07:57:57"
"144","2","5001","46","0","8/1/2025 07:57:57"
"145","2","1004","100","0","8/1/2025 07:57:58"
"146","2","1003","90","0","8/1/2025 07:57:58"
"147","2","1001","90","0","8/1/2025 07:57:58"
"148","2","2003","39","0","8/1/2025 07:57:58"
"149","2","1018","94","0","8/1/2025 07:57:58"
"150","2","5001","48","0","8/1/2025 07:57:58"
"151","2","1004","100","0","8/1/2025 07:57:59"
"152","2","1003","90","0","8/1/2025 07:57:59"
"153","2","1001","90","0","8/1/2025 07:57:59"
"154","2","2003","39","0","8/1/2025 07:57:59"
"155","2","1018","95","0","8/1/2025 07:57:59"
"156","2","5001","49","0","8/1/2025 07:57:59"
"157","2","1004","100","0","8/1/2025 07:58:00"
"158","2","1003","91","0","8/1/2025 07:58:00"
"159","2","1001","91","0","8/1/2025 07:58:00"
"160","2","2003","39","0","8/1/2025 07:58:00"
"161","2","1018","95","0","8/1/2025 07:58:00"
"162","2","5001","49","0","8/1/2025 07:58:00"
"163","2","1004","100","0","8/1/2025 07:58:01"
"164","2","1003","93","0","8/1/2025 07:58:01"
"165","2","1001","93","0","8/1/2025 07:58:01"
"166","2","2003","39","0","8/1/2025 07:58:01"
"167","2","1018","95","0","8/1/2025 07:58:01"
"168","2","5001","49","0","8/1/2025 07:58:01"
"169","2","1004","100","0","8/1/2025 07:58:02"
"170","2","1003","93","0","8/1/2025 07:58:02"
"171","2","1001","93","0","8/1/2025 07:58:02"
"172","2","2003","39","0","8/1/2025 07:58:02"
"173","2","1018","95","0","8/1/2025 07:58:02"
"174","2","5001","49","0","8/1/2025 07:58:02"
"175","2","1004","100","0","8/1/2025 07:58:03"
"176","2","1003","93","0","8/1/2025 07:58:03"
"177","2","1001","93","0","8/1/2025 07:58:03"
"178","2","2003","39","0","8/1/2025 07:58:03"
"179","2","1018","96","0","8/1/2025 07:58:03"
"180","2","5001","48","0","8/1/2025 07:58:03"
"181","2","1004","100","0","8/1/2025 07:58:04"
"182","2","1003","94","0","8/1/2025 07:58:04"
"183","2","1001","94","0","8/1/2025 07:58:04"
"184","2","2003","39","0","8/1/2025 07:58:04"
"185","2","1018","96","0","8/1/2025 07:58:04"
"186","2","5001","47","0","8/1/2025 07:58:04"
"187","2","1004","100","0","8/1/2025 07:58:05"
"188","2","1003","94","0","8/1/2025 07:58:05"
"189","2","1001","94","0","8/1/2025 07:58:05"
"190","2","2003","39","0","8/1/2025 07:58:05"
"191","2","1018","96","0","8/1/2025 07:58:05"
"192","2","5001","47","0","8/1/2025 07:58:05"
"193","2","1004","100","0","8/1/2025 07:58:06"
"194","2","1003","95","0","8/1/2025 07:58:06"
"195","2","1001","95","0","8/1/2025 07:58:06"
"196","2","2003","39","0","8/1/2025 07:58:06"
"197","2","1018","96","0","8/1/2025 07:58:06"
"198","2","5001","46","0","8/1/2025 07:58:06"
"199","2","1004","100","0","8/1/2025 07:58:07"
"200","2","1003","95","0","8/1/2025 07:58:07"
"201","2","1001","95","0","8/1/2025 07:58:07"
"202","2","2003","39","0","8/1/2025 07:58:07"
"203","2","1018","96","0","8/1/2025 07:58:07"
"204","2","5001","45","0","8/1/2025 07:58:07"
"205","2","1004","100","0","8/1/2025 07:58:08"
"206","2","1003","95","0","8/1/2025 07:58:08"
"207","2","1001","95","0","8/1/2025 07:58:08"
"208","2","2003","39","0","8/1/2025 07:58:08"
"209","2","1018","96","0","8/1/2025 07:58:08"
"210","2","5001","45","0","8/1/2025 07:58:08"
"211","2","1004","100","0","8/1/2025 07:58:09"
"212","2","1003","96","0","8/1/2025 07:58:09"
"213","2","1001","96","0","8/1/2025 07:58:09"
"214","2","2003","39","0","8/1/2025 07:58:09"
"215","2","1018","96","0","8/1/2025 07:58:09"
"216","2","5001","45","0","8/1/2025 07:58:09"
"217","2","1004","100","0","8/1/2025 07:58:10"
"218","2","1003","96","0","8/1/2025 07:58:10"
"219","2","1001","96","0","8/1/2025 07:58:10"
"220","2","2003","39","0","8/1/2025 07:58:10"
"221","2","1018","96","0","8/1/2025 07:58:10"
"222","2","5001","45","0","8/1/2025 07:58:10"
"223","2","1004","100","0","8/1/2025 07:58:11"
"224","2","1003","96","0","8/1/2025 07:58:11"
"225","2","1001","96","0","8/1/2025 07:58:11"
"226","2","2003","38","0","8/1/2025 07:58:11"
"227","2","1018","96","0","8/1/2025 07:58:11"
"228","2","5001","45","0","8/1/2025 07:58:11"
"229","2","1004","100","0","8/1/2025 07:58:12"
"230","2","1003","96","0","8/1/2025 07:58:12"
"231","2","1001","96","0","8/1/2025 07:58:12"
"232","2","2003","38","0","8/1/2025 07:58:12"
"233","2","1018","96","0","8/1/2025 07:58:12"
"234","2","5001","45","0","8/1/2025 07:58:12"
"235","2","1004","100","0","8/1/2025 07:58:13"
"236","2","1003","97","0","8/1/2025 07:58:13"
"237","2","1001","97","0","8/1/2025 07:58:13"
"238","2","2003","38","0","8/1/2025 07:58:13"
"239","2","1018","96","0","8/1/2025 07:58:13"
"240","2","5001","45","0","8/1/2025 07:58:13"
"241","2","1004","100","0","8/1/2025 07:58:14"
"242","2","1003","97","0","8/1/2025 07:58:14"
"243","2","1001","97","0","8/1/2025 07:58:14"
"244","2","2003","38","0","8/1/2025 07:58:14"
"245","2","1018","95","0","8/1/2025 07:58:14"
"246","2","5001","46","0","8/1/2025 07:58:14"
"247","2","1004","100","0","8/1/2025 07:58:15"
"248","2","1003","98","0","8/1/2025 07:58:15"
"249","2","1001","98","0","8/1/2025 07:58:15"
"250","2","2003","38","0","8/1/2025 07:58:15"
"251","2","1018","95","0","8/1/2025 07:58:15"
"252","2","5001","46","0","8/1/2025 07:58:15"
"253","2","1004","100","0","8/1/2025 07:58:16"
"254","2","1003","98","0","8/1/2025 07:58:16"
"255","2","1001","98","0","8/1/2025 07:58:16"
"256","2","2003","38","0","8/1/2025 07:58:16"
"257","2","1018","95","0","8/1/2025 07:58:16"
"258","2","5001","48","0","8/1/2025 07:58:16"
"259","2","1004","100","0","8/1/2025 07:58:17"
"260","2","1003","99","0","8/1/2025 07:58:17"
"261","2","1001","99","0","8/1/2025 07:58:17"
"262","2","2003","38","0","8/1/2025 07:58:17"
"263","2","1018","95","0","8/1/2025 07:58:17"
"264","2","5001","48","0","8/1/2025 07:58:17"
"265","2","1004","100","0","8/1/2025 07:58:18"
"266","2","1003","99","0","8/1/2025 07:58:18"
"267","2","1001","99","0","8/1/2025 07:58:18"
"268","2","2003","38","0","8/1/2025 07:58:18"
"269","2","1018","95","0","8/1/2025 07:58:18"
"270","2","5001","49","0","8/1/2025 07:58:18"
"271","2","1004","100","0","8/1/2025 07:58:19"
"272","2","1003","99","0","8/1/2025 07:58:19"
"273","2","1001","99","0","8/1/2025 07:58:19"
"274","2","2003","38","0","8/1/2025 07:58:19"
"275","2","1018","96","0","8/1/2025 07:58:19"
"276","2","5001","49","0","8/1/2025 07:58:19"
"277","2","1004","100","0","8/1/2025 07:58:20"
"278","2","1003","99","0","8/1/2025 07:58:20"
"279","2","1001","99","0","8/1/2025 07:58:20"
"280","2","2003","38","0","8/1/2025 07:58:20"
"281","2","1018","97","0","8/1/2025 07:58:20"
"282","2","5001","49","0","8/1/2025 07:58:20"
"283","2","1004","100","0","8/1/2025 07:58:21"
"284","2","1003","99","0","8/1/2025 07:58:21"
"285","2","1001","99","0","8/1/2025 07:58:21"
"286","2","2003","38","0","8/1/2025 07:58:21"
"287","2","1018","96","0","8/1/2025 07:58:21"
"288","2","5001","48","0","8/1/2025 07:58:21"
"289","2","1004","100","0","8/1/2025 07:58:22"
"290","2","1003","100","0","8/1/2025 07:58:22"
"291","2","1001","100","0","8/1/2025 07:58:22"
"292","2","2003","38","0","8/1/2025 07:58:22"
"293","2","1018","96","0","8/1/2025 07:58:22"
"294","2","5001","48","0","8/1/2025 07:58:22"
"295","2","1004","100","0","8/1/2025 07:58:23"
"296","2","1003","100","0","8/1/2025 07:58:23"
"297","2","1001","100","0","8/1/2025 07:58:23"
"298","2","2003","38","0","8/1/2025 07:58:23"
"299","2","1018","96","0","8/1/2025 07:58:23"
"300","2","5001","48","0","8/1/2025 07:58:23"
"301","2","1004","100","0","8/1/2025 07:58:24"
"302","2","1003","101","0","8/1/2025 07:58:24"
"303","2","1001","101","0","8/1/2025 07:58:24"
"304","2","2003","38","0","8/1/2025 07:58:24"
"305","2","1018","96","0","8/1/2025 07:58:24"
"306","2","5001","47","0","8/1/2025 07:58:24"
"307","2","1004","100","0","8/1/2025 07:58:25"
"308","2","1003","101","0","8/1/2025 07:58:25"
"309","2","1001","101","0","8/1/2025 07:58:25"
"310","2","2003","38","0","8/1/2025 07:58:25"
"311","2","1018","96","0","8/1/2025 07:58:25"
"312","2","5001","47","0","8/1/2025 07:58:25"
"313","2","1004","100","0","8/1/2025 07:58:26"
"314","2","1003","101","0","8/1/2025 07:58:26"
"315","2","1001","101","0","8/1/2025 07:58:26"
"316","2","2003","38","0","8/1/2025 07:58:26"
"317","2","1018","96","0","8/1/2025 07:58:26"
"318","2","5001","47","0","8/1/2025 07:58:26"
"319","2","1004","100","0","8/1/2025 07:58:27"
"320","2","1003","102","0","8/1/2025 07:58:27"
"321","2","1001","102","0","8/1/2025 07:58:27"
"322","2","2003","38","0","8/1/2025 07:58:27"
"323","2","1018","96","0","8/1/2025 07:58:27"
"324","2","5001","46","0","8/1/2025 07:58:27"
"325","2","1004","100","0","8/1/2025 07:58:28"
"326","2","1003","102","0","8/1/2025 07:58:28"
"327","2","1001","102","0","8/1/2025 07:58:28"
"328","2","2003","38","0","8/1/2025 07:58:28"
"329","2","1018","95","0","8/1/2025 07:58:28"
"330","2","5001","46","0","8/1/2025 07:58:28"
"331","2","1004","100","0","8/1/2025 07:58:29"
"332","2","1003","102","0","8/1/2025 07:58:29"
"333","2","1001","102","0","8/1/2025 07:58:29"
"334","2","2003","38","0","8/1/2025 07:58:29"
"335","2","1018","95","0","8/1/2025 07:58:29"
"336","2","5001","46","0","8/1/2025 07:58:29"
"337","2","1004","100","0","8/1/2025 07:58:30"
"338","2","1003","102","0","8/1/2025 07:58:30"
"339","2","1001","102","0","8/1/2025 07:58:30"
"340","2","2003","38","0","8/1/2025 07:58:30"
"341","2","1018","95","0","8/1/2025 07:58:30"
"342","2","5001","47","0","8/1/2025 07:58:30"
"343","2","1004","100","0","8/1/2025 07:58:31"
"344","2","1003","102","0","8/1/2025 07:58:31"
"345","2","1001","102","0","8/1/2025 07:58:31"
"346","2","2003","38","0","8/1/2025 07:58:31"
"347","2","1018","95","0","8/1/2025 07:58:31"
"348","2","5001","46","0","8/1/2025 07:58:31"
"349","2","1004","100","0","8/1/2025 07:58:32"
"350","2","1003","102","0","8/1/2025 07:58:32"
"351","2","1001","102","0","8/1/2025 07:58:32"
"352","2","2003","38","0","8/1/2025 07:58:32"
"353","2","1018","95","0","8/1/2025 07:58:32"
"354","2","5001","46","0","8/1/2025 07:58:32"
"355","2","1004","100","0","8/1/2025 07:58:33"
"356","2","1003","101","0","8/1/2025 07:58:33"
"357","2","1001","101","0","8/1/2025 07:58:33"
"358","2","2003","38","0","8/1/2025 07:58:33"
"359","2","1018","95","0","8/1/2025 07:58:33"
"360","2","5001","46","0","8/1/2025 07:58:33"
"361","2","1004","100","0","8/1/2025 07:58:34"
"362","2","1003","101","0","8/1/2025 07:58:34"
"363","2","1001","101","0","8/1/2025 07:58:34"
"364","2","2003","38","0","8/1/2025 07:58:34"
"365","2","1018","95","0","8/1/2025 07:58:34"
"366","2","5001","47","0","8/1/2025 07:58:34"
"367","2","1004","100","0","8/1/2025 07:58:35"
"368","2","1003","101","0","8/1/2025 07:58:35"
"369","2","1001","101","0","8/1/2025 07:58:35"
"370","2","2003","38","0","8/1/2025 07:58:35"
"371","2","1018","95","0","8/1/2025 07:58:35"
"372","2","5001","46","0","8/1/2025 07:58:35"
"373","2","1004","100","0","8/1/2025 07:58:36"
"374","2","1003","101","0","8/1/2025 07:58:36"
"375","2","1001","101","0","8/1/2025 07:58:36"
"376","2","2003","38","0","8/1/2025 07:58:36"
"377","2","1018","95","0","8/1/2025 07:58:36"
"378","2","5001","46","0","8/1/2025 07:58:36"
"379","2","1004","100","0","8/1/2025 07:58:37"
"380","2","1003","101","0","8/1/2025 07:58:37"
"381","2","1001","101","0","8/1/2025 07:58:37"
"382","2","2003","38","0","8/1/2025 07:58:37"
"383","2","1018","95","0","8/1/2025 07:58:37"
"384","2","5001","46","0","8/1/2025 07:58:37"
"385","2","1004","100","0","8/1/2025 07:58:38"
"386","2","1003","101","0","8/1/2025 07:58:38"
"387","2","1001","101","0","8/1/2025 07:58:38"
"388","2","2003","38","0","8/1/2025 07:58:38"
"389","2","1018","95","0","8/1/2025 07:58:38"
"390","2","5001","46","0","8/1/2025 07:58:38"
"391","2","1004","100","0","8/1/2025 07:58:39"
"392","2","1003","101","0","8/1/2025 07:58:39"
"393","2","1001","101","0","8/1/2025 07:58:39"
"394","2","2003","38","0","8/1/2025 07:58:39"
"395","2","1018","95","0","8/1/2025 07:58:39"
"396","2","5001","46","0","8/1/2025 07:58:39"
"397","2","1004","100","0","8/1/2025 07:58:40"
"398","2","1003","101","0","8/1/2025 07:58:40"
"399","2","1001","101","0","8/1/2025 07:58:40"
"400","2","2003","38","0","8/1/2025 07:58:40"
"401","2","1018","94","0","8/1/2025 07:58:40"
"402","2","5001","46","0","8/1/2025 07:58:40"
"403","2","1004","100","0","8/1/2025 07:58:41"
"404","2","1003","102","0","8/1/2025 07:58:41"
"405","2","1001","102","0","8/1/2025 07:58:41"
"406","2","2003","38","0","8/1/2025 07:58:41"
"407","2","1018","94","0","8/1/2025 07:58:41"
"408","2","5001","46","0","8/1/2025 07:58:41"
"409","2","1004","100","0","8/1/2025 07:58:42"
"410","2","1003","102","0","8/1/2025 07:58:42"
"411","2","1001","102","0","8/1/2025 07:58:42"
"412","2","2003","38","0","8/1/2025 07:58:42"
"413","2","1018","94","0","8/1/2025 07:58:42"
"414","2","5001","46","0","8/1/2025 07:58:42"
"415","2","1004","100","0","8/1/2025 07:58:43"
"416","2","1003","102","0","8/1/2025 07:58:43"
"417","2","1001","102","0","8/1/2025 07:58:43"
"418","2","2003","38","0","8/1/2025 07:58:43"
"419","2","1018","93","0","8/1/2025 07:58:43"
"420","2","5001","45","0","8/1/2025 07:58:43"
"421","2","1004","100","0","8/1/2025 07:58:44"
"422","2","1003","102","0","8/1/2025 07:58:44"
"423","2","1001","102","0","8/1/2025 07:58:44"
"424","2","2003","38","0","8/1/2025 07:58:44"
"425","2","1018","93","0","8/1/2025 07:58:44"
"426","2","5001","46","0","8/1/2025 07:58:44"
"427","2","1004","100","0","8/1/2025 07:58:45"
"428","2","1003","102","0","8/1/2025 07:58:45"
"429","2","1001","102","0","8/1/2025 07:58:45"
"430","2","2003","38","0","8/1/2025 07:58:45"
"431","2","1018","93","0","8/1/2025 07:58:45"
"432","2","5001","48","0","8/1/2025 07:58:45"
"433","2","1004","100","0","8/1/2025 07:58:46"
"434","2","1003","102","0","8/1/2025 07:58:46"
"435","2","1001","102","0","8/1/2025 07:58:46"
"436","2","2003","38","0","8/1/2025 07:58:46"
"437","2","1018","93","0","8/1/2025 07:58:46"
"438","2","5001","52","0","8/1/2025 07:58:46"
"439","2","1004","100","0","8/1/2025 07:58:47"
"440","2","1003","102","0","8/1/2025 07:58:47"
"441","2","1001","102","0","8/1/2025 07:58:47"
"442","2","2003","38","0","8/1/2025 07:58:47"
"443","2","1018","93","0","8/1/2025 07:58:47"
"444","2","5001","55","0","8/1/2025 07:58:47"
"445","2","1004","100","0","8/1/2025 07:58:48"
"446","2","1003","103","0","8/1/2025 07:58:48"
"447","2","1001","103","0","8/1/2025 07:58:48"
"448","2","2003","38","0","8/1/2025 07:58:48"
"449","2","1018","93","0","8/1/2025 07:58:48"
"450","2","5001","59","0","8/1/2025 07:58:48"
"451","2","1004","100","0","8/1/2025 07:58:49"
"452","2","1003","103","0","8/1/2025 07:58:49"
"453","2","1001","103","0","8/1/2025 07:58:49"
"454","2","2003","38","0","8/1/2025 07:58:49"
"455","2","1018","93","0","8/1/2025 07:58:49"
"456","2","5001","64","0","8/1/2025 07:58:49"
"457","2","1004","100","0","8/1/2025 07:58:50"
"458","2","1003","103","0","8/1/2025 07:58:50"
"459","2","1001","103","0","8/1/2025 07:58:50"
"460","2","2003","38","0","8/1/2025 07:58:50"
"461","2","1018","94","0","8/1/2025 07:58:50"
"462","2","5001","66","0","8/1/2025 07:58:50"
"463","2","1004","100","0","8/1/2025 07:58:51"
"464","2","1003","103","0","8/1/2025 07:58:51"
"465","2","1001","103","0","8/1/2025 07:58:51"
"466","2","2003","38","0","8/1/2025 07:58:51"
"467","2","1018","94","0","8/1/2025 07:58:51"
"468","2","5001","65","0","8/1/2025 07:58:51"
"469","2","1004","100","0","8/1/2025 07:58:52"
"470","2","1003","104","0","8/1/2025 07:58:52"
"471","2","1001","104","0","8/1/2025 07:58:52"
"472","2","2003","38","0","8/1/2025 07:58:52"
"473","2","1018","94","0","8/1/2025 07:58:52"
"474","2","5001","62","0","8/1/2025 07:58:52"
"475","2","1004","100","0","8/1/2025 07:58:53"
"476","2","1003","104","0","8/1/2025 07:58:53"
"477","2","1001","104","0","8/1/2025 07:58:53"
"478","2","2003","38","0","8/1/2025 07:58:53"
"479","2","1018","94","0","8/1/2025 07:58:53"
"480","2","5001","61","0","8/1/2025 07:58:53"
"481","2","1004","100","0","8/1/2025 07:58:54"
"482","2","1003","106","0","8/1/2025 07:58:54"
"483","2","1001","106","0","8/1/2025 07:58:54"
"484","2","2003","38","0","8/1/2025 07:58:54"
"485","2","1018","94","0","8/1/2025 07:58:54"
"486","2","5001","60","0","8/1/2025 07:58:54"
"487","2","1004","100","0","8/1/2025 07:58:55"
"488","2","1003","106","0","8/1/2025 07:58:55"
"489","2","1001","106","0","8/1/2025 07:58:55"
"490","2","2003","41","0","8/1/2025 07:58:55"
"491","2","1018","94","0","8/1/2025 07:58:55"
"492","2","5001","58","0","8/1/2025 07:58:55"
"493","2","1004","100","0","8/1/2025 07:58:56"
"494","2","1003","107","0","8/1/2025 07:58:56"
"495","2","1001","107","0","8/1/2025 07:58:56"
"496","2","2003","41","0","8/1/2025 07:58:56"
"497","2","1018","94","0","8/1/2025 07:58:56"
"498","2","5001","57","0","8/1/2025 07:58:56"
"499","2","1004","100","0","8/1/2025 07:58:57"
"500","2","1003","107","0","8/1/2025 07:58:57"
"501","2","1001","107","0","8/1/2025 07:58:57"
"502","2","2003","41","0","8/1/2025 07:58:57"
"503","2","1018","94","0","8/1/2025 07:58:57"
"504","2","5001","60","0","8/1/2025 07:58:57"
"505","2","1004","100","0","8/1/2025 07:58:58"
"506","2","1003","108","0","8/1/2025 07:58:58"
"507","2","1001","108","0","8/1/2025 07:58:58"
"508","2","2003","41","0","8/1/2025 07:58:58"
"509","2","1018","94","0","8/1/2025 07:58:58"
"510","2","5001","59","0","8/1/2025 07:58:58"
"511","2","1004","100","0","8/1/2025 07:58:59"
"512","2","1003","108","0","8/1/2025 07:58:59"
"513","2","1001","108","0","8/1/2025 07:58:59"
"514","2","2003","41","0","8/1/2025 07:58:59"
"515","2","1018","94","0","8/1/2025 07:58:59"
"516","2","5001","58","0","8/1/2025 07:58:59"
"517","2","1004","100","0","8/1/2025 07:59:00"
"518","2","1003","108","0","8/1/2025 07:59:00"
"519","2","1001","108","0","8/1/2025 07:59:00"
"520","2","2003","41","0","8/1/2025 07:59:00"
"521","2","1018","94","0","8/1/2025 07:59:00"
"522","2","5001","58","0","8/1/2025 07:59:00"
"523","2","1004","100","0","8/1/2025 07:59:01"
"524","2","1003","108","0","8/1/2025 07:59:01"
"525","2","1001","108","0","8/1/2025 07:59:01"
"526","2","2003","41","0","8/1/2025 07:59:01"
"527","2","1018","94","0","8/1/2025 07:59:01"
"528","2","5001","58","0","8/1/2025 07:59:01"
"529","2","1004","100","0","8/1/2025 07:59:02"
"530","2","1003","108","0","8/1/2025 07:59:02"
"531","2","1001","108","0","8/1/2025 07:59:02"
"532","2","2003","41","0","8/1/2025 07:59:02"
"533","2","1018","94","0","8/1/2025 07:59:02"
"534","2","5001","58","0","8/1/2025 07:59:02"
"535","2","1004","100","0","8/1/2025 07:59:03"
"536","2","1003","108","0","8/1/2025 07:59:03"
"537","2","1001","108","0","8/1/2025 07:59:03"
"538","2","2003","41","0","8/1/2025 07:59:03"
"539","2","1018","94","0","8/1/2025 07:59:03"
"540","2","5001","58","0","8/1/2025 07:59:03"
"541","2","1004","100","0","8/1/2025 07:59:04"
"542","2","1003","107","0","8/1/2025 07:59:04"
"543","2","1001","107","0","8/1/2025 07:59:04"
"544","2","2003","41","0","8/1/2025 07:59:04"
"545","2","1018","95","0","8/1/2025 07:59:04"
"546","2","5001","58","0","8/1/2025 07:59:04"
"547","2","1004","100","0","8/1/2025 07:59:05"
"548","2","1003","107","0","8/1/2025 07:59:05"
"549","2","1001","107","0","8/1/2025 07:59:05"
"550","2","2003","41","0","8/1/2025 07:59:05"
"551","2","1018","96","0","8/1/2025 07:59:05"
"552","2","5001","57","0","8/1/2025 07:59:05"
"553","2","1004","100","0","8/1/2025 07:59:06"
"554","2","1003","108","0","8/1/2025 07:59:06"
"555","2","1001","108","0","8/1/2025 07:59:06"
"556","2","2003","41","0","8/1/2025 07:59:06"
"557","2","1018","96","0","8/1/2025 07:59:06"
"558","2","5001","57","0","8/1/2025 07:59:06"
"559","2","1004","100","0","8/1/2025 07:59:07"
"560","2","1003","108","0","8/1/2025 07:59:07"
"561","2","1001","108","0","8/1/2025 07:59:07"
"562","2","2003","41","0","8/1/2025 07:59:07"
"563","2","1018","96","0","8/1/2025 07:59:07"
"564","2","5001","57","0","8/1/2025 07:59:07"
"565","2","1004","100","0","8/1/2025 07:59:08"
"566","2","1003","106","0","8/1/2025 07:59:08"
"567","2","1001","106","0","8/1/2025 07:59:08"
"568","2","2003","41","0","8/1/2025 07:59:08"
"569","2","1018","96","0","8/1/2025 07:59:08"
"570","2","5001","57","0","8/1/2025 07:59:08"
"571","2","1004","100","0","8/1/2025 07:59:09"
"572","2","1003","106","0","8/1/2025 07:59:09"
"573","2","1001","106","0","8/1/2025 07:59:09"
"574","2","2003","41","0","8/1/2025 07:59:09"
"575","2","1018","97","0","8/1/2025 07:59:09"
"576","2","5001","57","0","8/1/2025 07:59:09"
"577","2","1004","100","0","8/1/2025 07:59:10"
"578","2","1003","106","0","8/1/2025 07:59:10"
"579","2","1001","106","0","8/1/2025 07:59:10"
"580","2","2003","41","0","8/1/2025 07:59:10"
"581","2","1018","97","0","8/1/2025 07:59:10"
"582","2","5001","57","0","8/1/2025 07:59:10"
"583","2","1004","100","0","8/1/2025 07:59:11"
"584","2","1003","106","0","8/1/2025 07:59:11"
"585","2","1001","106","0","8/1/2025 07:59:11"
"586","2","2003","41","0","8/1/2025 07:59:11"
"587","2","1018","97","0","8/1/2025 07:59:11"
"588","2","5001","57","0","8/1/2025 07:59:11"
"589","2","1004","100","0","8/1/2025 07:59:12"
"590","2","1003","105","0","8/1/2025 07:59:12"
"591","2","1001","105","0","8/1/2025 07:59:12"
"592","2","2003","41","0","8/1/2025 07:59:12"
"593","2","1018","97","0","8/1/2025 07:59:12"
"594","2","5001","56","0","8/1/2025 07:59:12"
"595","2","1004","100","0","8/1/2025 07:59:13"
"596","2","1003","105","0","8/1/2025 07:59:13"
"597","2","1001","105","0","8/1/2025 07:59:13"
"598","2","2003","41","0","8/1/2025 07:59:13"
"599","2","1018","97","0","8/1/2025 07:59:13"
"600","2","5001","55","0","8/1/2025 07:59:13"
"601","2","1004","100","0","8/1/2025 07:59:14"
"602","2","1003","105","0","8/1/2025 07:59:14"
"603","2","1001","105","0","8/1/2025 07:59:14"
"604","2","2003","41","0","8/1/2025 07:59:14"
"605","2","1018","97","0","8/1/2025 07:59:14"
"606","2","5001","55","0","8/1/2025 07:59:14"
"607","2","1004","100","0","8/1/2025 07:59:15"
"608","2","1003","105","0","8/1/2025 07:59:15"
"609","2","1001","105","0","8/1/2025 07:59:15"
"610","2","2003","41","0","8/1/2025 07:59:15"
"611","2","1018","97","0","8/1/2025 07:59:15"
"612","2","5001","55","0","8/1/2025 07:59:15"
"613","2","1004","100","0","8/1/2025 07:59:16"
"614","2","1003","104","0","8/1/2025 07:59:16"
"615","2","1001","104","0","8/1/2025 07:59:16"
"616","2","2003","41","0","8/1/2025 07:59:16"
"617","2","1018","97","0","8/1/2025 07:59:16"
"618","2","5001","55","0","8/1/2025 07:59:16"
"619","2","1004","100","0","8/1/2025 07:59:17"
"620","2","1003","104","0","8/1/2025 07:59:17"
"621","2","1001","104","0","8/1/2025 07:59:17"
"622","2","2003","41","0","8/1/2025 07:59:17"
"623","2","1018","97","0","8/1/2025 07:59:17"
"624","2","5001","54","0","8/1/2025 07:59:17"
"625","2","1004","100","0","8/1/2025 07:59:18"
"626","2","1003","104","0","8/1/2025 07:59:18"
"627","2","1001","104","0","8/1/2025 07:59:18"
"628","2","2003","40","0","8/1/2025 07:59:18"
"629","2","1018","97","0","8/1/2025 07:59:18"
"630","2","5001","54","0","8/1/2025 07:59:18"
"631","2","1004","100","0","8/1/2025 07:59:19"
"632","2","1003","103","0","8/1/2025 07:59:19"
"633","2","1001","103","0","8/1/2025 07:59:19"
"634","2","2003","40","0","8/1/2025 07:59:19"
"635","2","1018","97","0","8/1/2025 07:59:19"
"636","2","5001","54","0","8/1/2025 07:59:19"
"637","2","1004","100","0","8/1/2025 07:59:20"
"638","2","1003","103","0","8/1/2025 07:59:20"
"639","2","1001","103","0","8/1/2025 07:59:20"
"640","2","2003","40","0","8/1/2025 07:59:20"
"641","2","1018","97","0","8/1/2025 07:59:20"
"642","2","5001","53","0","8/1/2025 07:59:20"
"643","2","1004","100","0","8/1/2025 07:59:21"
"644","2","1003","103","0","8/1/2025 07:59:21"
"645","2","1001","103","0","8/1/2025 07:59:21"
"646","2","2003","40","0","8/1/2025 07:59:21"
"647","2","1018","97","0","8/1/2025 07:59:21"
"648","2","5001","52","0","8/1/2025 07:59:21"
"649","2","1004","100","0","8/1/2025 07:59:22"
"650","2","1003","103","0","8/1/2025 07:59:22"
"651","2","1001","103","0","8/1/2025 07:59:22"
"652","2","2003","40","0","8/1/2025 07:59:22"
"653","2","1018","97","0","8/1/2025 07:59:22"
"654","2","5001","52","0","8/1/2025 07:59:22"
"655","2","1004","100","0","8/1/2025 07:59:23"
"656","2","1003","103","0","8/1/2025 07:59:23"
"657","2","1001","103","0","8/1/2025 07:59:23"
"658","2","2003","40","0","8/1/2025 07:59:23"
"659","2","1018","97","0","8/1/2025 07:59:23"
"660","2","5001","52","0","8/1/2025 07:59:23"
"661","2","1004","100","0","8/1/2025 07:59:24"
"662","2","1003","103","0","8/1/2025 07:59:24"
"663","2","1001","103","0","8/1/2025 07:59:24"
"664","2","2003","40","0","8/1/2025 07:59:24"
"665","2","1018","98","0","8/1/2025 07:59:24"
"666","2","5001","51","0","8/1/2025 07:59:24"
"667","2","1004","100","0","8/1/2025 07:59:25"
"668","2","1003","103","0","8/1/2025 07:59:25"
"669","2","1001","103","0","8/1/2025 07:59:25"
"670","2","2003","40","0","8/1/2025 07:59:25"
"671","2","1018","98","0","8/1/2025 07:59:25"
"672","2","5001","51","0","8/1/2025 07:59:25"
"673","2","1004","100","0","8/1/2025 07:59:26"
"674","2","1003","102","0","8/1/2025 07:59:26"
"675","2","1001","102","0","8/1/2025 07:59:26"
"676","2","2003","40","0","8/1/2025 07:59:26"
"677","2","1018","98","0","8/1/2025 07:59:26"
"678","2","5001","51","0","8/1/2025 07:59:26"
"679","2","1004","100","0","8/1/2025 07:59:27"
"680","2","1003","102","0","8/1/2025 07:59:27"
"681","2","1001","102","0","8/1/2025 07:59:27"
"682","2","2003","40","0","8/1/2025 07:59:27"
"683","2","1018","98","0","8/1/2025 07:59:27"
"684","2","5001","51","0","8/1/2025 07:59:27"
"685","2","1004","100","0","8/1/2025 07:59:28"
"686","2","1003","99","0","8/1/2025 07:59:28"
"687","2","1001","99","0","8/1/2025 07:59:28"
"688","2","2003","40","0","8/1/2025 07:59:28"
"689","2","1018","98","0","8/1/2025 07:59:28"
"690","2","5001","52","0","8/1/2025 07:59:28"
"691","2","1004","100","0","8/1/2025 07:59:29"
"692","2","1003","99","0","8/1/2025 07:59:29"
"693","2","1001","99","0","8/1/2025 07:59:29"
"694","2","2003","40","0","8/1/2025 07:59:29"
"695","2","1018","98","0","8/1/2025 07:59:29"
"696","2","5001","52","0","8/1/2025 07:59:29"
"697","2","1004","100","0","8/1/2025 07:59:30"
"698","2","1003","100","0","8/1/2025 07:59:30"
"699","2","1001","100","0","8/1/2025 07:59:30"
"700","2","2003","40","0","8/1/2025 07:59:30"
"701","2","1018","98","0","8/1/2025 07:59:30"
"702","2","5001","52","0","8/1/2025 07:59:30"
"703","2","1004","100","0","8/1/2025 07:59:31"
"704","2","1003","100","0","8/1/2025 07:59:31"
"705","2","1001","100","0","8/1/2025 07:59:31"
"706","2","2003","38","0","8/1/2025 07:59:31"
"707","2","1018","90","0","8/1/2025 07:59:31"
"708","2","5001","52","0","8/1/2025 07:59:31"
"709","2","1004","100","0","8/1/2025 07:59:32"
"710","2","1003","98","0","8/1/2025 07:59:32"
"711","2","1001","98","0","8/1/2025 07:59:32"
"712","2","2003","38","0","8/1/2025 07:59:32"
"713","2","1018","85","0","8/1/2025 07:59:32"
"714","2","5001","52","0","8/1/2025 07:59:32"
"715","2","1004","100","0","8/1/2025 07:59:33"
"716","2","1003","98","0","8/1/2025 07:59:33"
"717","2","1001","98","0","8/1/2025 07:59:33"
"718","2","2003","38","0","8/1/2025 07:59:33"
"719","2","1018","85","0","8/1/2025 07:59:33"
"720","2","5001","51","0","8/1/2025 07:59:33"
"721","2","1004","100","0","8/1/2025 07:59:34"
"722","2","1003","97","0","8/1/2025 07:59:34"
"723","2","1001","97","0","8/1/2025 07:59:34"
"724","2","2003","38","0","8/1/2025 07:59:34"
"725","2","1018","86","0","8/1/2025 07:59:34"
"726","2","5001","51","0","8/1/2025 07:59:34"
"727","2","1004","100","0","8/1/2025 07:59:35"
"728","2","1003","97","0","8/1/2025 07:59:35"
"729","2","1001","97","0","8/1/2025 07:59:35"
"730","2","2003","38","0","8/1/2025 07:59:35"
"731","2","1018","86","0","8/1/2025 07:59:35"
"732","2","5001","51","0","8/1/2025 07:59:35"
"733","2","1004","100","0","8/1/2025 07:59:36"
"734","2","1003","97","0","8/1/2025 07:59:36"
"735","2","1001","97","0","8/1/2025 07:59:36"
"736","2","2003","38","0","8/1/2025 07:59:36"
"737","2","1018","87","0","8/1/2025 07:59:36"
"738","2","5001","51","0","8/1/2025 07:59:36"
"739","2","1004","100","0","8/1/2025 07:59:37"
"740","2","1003","97","0","8/1/2025 07:59:37"
"741","2","1001","97","0","8/1/2025 07:59:37"
"742","2","2003","38","0","8/1/2025 07:59:37"
"743","2","1018","87","0","8/1/2025 07:59:37"
"744","2","5001","51","0","8/1/2025 07:59:37"
"745","2","1004","100","0","8/1/2025 07:59:38"
"746","2","1003","97","0","8/1/2025 07:59:38"
"747","2","1001","97","0","8/1/2025 07:59:38"
"748","2","2003","38","0","8/1/2025 07:59:38"
"749","2","1018","87","0","8/1/2025 07:59:38"
"750","2","5001","51","0","8/1/2025 07:59:38"
"751","2","1004","100","0","8/1/2025 07:59:39"
"752","2","1003","97","0","8/1/2025 07:59:39"
"753","2","1001","97","0","8/1/2025 07:59:39"
"754","2","2003","38","0","8/1/2025 07:59:39"
"755","2","1018","86","0","8/1/2025 07:59:39"
"756","2","5001","51","0","8/1/2025 07:59:39"
"757","2","1004","100","0","8/1/2025 07:59:40"
"758","2","1003","97","0","8/1/2025 07:59:40"
"759","2","1001","97","0","8/1/2025 07:59:40"
"760","2","2003","38","0","8/1/2025 07:59:40"
"761","2","1018","87","0","8/1/2025 07:59:40"
"762","2","5001","50","0","8/1/2025 07:59:40"
"763","2","1004","100","0","8/1/2025 07:59:41"
"764","2","1003","97","0","8/1/2025 07:59:41"
"765","2","1001","97","0","8/1/2025 07:59:41"
"766","2","2003","38","0","8/1/2025 07:59:41"
"767","2","1018","85","0","8/1/2025 07:59:41"
"768","2","5001","50","0","8/1/2025 07:59:41"
"769","2","1004","100","0","8/1/2025 07:59:42"
"770","2","1003","96","0","8/1/2025 07:59:42"
"771","2","1001","96","0","8/1/2025 07:59:42"
"772","2","2003","38","0","8/1/2025 07:59:42"
"773","2","1018","86","0","8/1/2025 07:59:42"
"774","2","5001","49","0","8/1/2025 07:59:42"
"775","2","1004","100","0","8/1/2025 07:59:43"
"776","2","1003","96","0","8/1/2025 07:59:43"
"777","2","1001","96","0","8/1/2025 07:59:43"
"778","2","2003","38","0","8/1/2025 07:59:43"
"779","2","1018","86","0","8/1/2025 07:59:43"
"780","2","5001","49","0","8/1/2025 07:59:43"
"781","2","1004","99","0","8/1/2025 07:59:44"
"782","2","1003","95","0","8/1/2025 07:59:44"
"783","2","1001","95","0","8/1/2025 07:59:44"
"784","2","2003","38","0","8/1/2025 07:59:44"
"785","2","1018","86","0","8/1/2025 07:59:44"
"786","2","5001","49","0","8/1/2025 07:59:44"
"787","2","1004","99","0","8/1/2025 07:59:45"
"788","2","1003","95","0","8/1/2025 07:59:45"
"789","2","1001","95","0","8/1/2025 07:59:45"
"790","2","2003","38","0","8/1/2025 07:59:45"
"791","2","1018","86","0","8/1/2025 07:59:45"
"792","2","5001","50","0","8/1/2025 07:59:45"
"793","2","1009","74","0","8/1/2025 07:59:46"
"794","2","1008","112","0","8/1/2025 07:59:46"
"795","2","1004","99","0","8/1/2025 07:59:46"
"796","2","1003","95","0","8/1/2025 07:59:46"
"797","2","1001","95","0","8/1/2025 07:59:46"
"798","2","2003","38","0","8/1/2025 07:59:46"
"799","2","1018","86","0","8/1/2025 07:59:46"
"800","2","5001","50","0","8/1/2025 07:59:46"
"801","2","1004","99","0","8/1/2025 07:59:47"
"802","2","1003","94","0","8/1/2025 07:59:47"
"803","2","1001","94","0","8/1/2025 07:59:47"
"804","2","2003","38","0","8/1/2025 07:59:47"
"805","2","1018","86","0","8/1/2025 07:59:47"
"806","2","5001","50","0","8/1/2025 07:59:47"
"807","2","1004","99","0","8/1/2025 07:59:48"
"808","2","1003","91","0","8/1/2025 07:59:48"
"809","2","1001","91","0","8/1/2025 07:59:48"
"810","2","2003","38","0","8/1/2025 07:59:48"
"811","2","1018","86","0","8/1/2025 07:59:48"
"812","2","5001","50","0","8/1/2025 07:59:48"
"813","2","1004","99","0","8/1/2025 07:59:49"
"814","2","1003","91","0","8/1/2025 07:59:49"
"815","2","1001","91","0","8/1/2025 07:59:49"
"816","2","2003","37","0","8/1/2025 07:59:49"
"817","2","1018","86","0","8/1/2025 07:59:49"
"818","2","5001","50","0","8/1/2025 07:59:49"
"819","2","1004","99","0","8/1/2025 07:59:50"
"820","2","1003","91","0","8/1/2025 07:59:50"
"821","2","1001","91","0","8/1/2025 07:59:50"
"822","2","2003","37","0","8/1/2025 07:59:50"
"823","2","1018","87","0","8/1/2025 07:59:50"
"824","2","5001","50","0","8/1/2025 07:59:50"
"825","2","1004","99","0","8/1/2025 07:59:51"
"826","2","1003","91","0","8/1/2025 07:59:51"
"827","2","1001","91","0","8/1/2025 07:59:51"
"828","2","2003","37","0","8/1/2025 07:59:51"
"829","2","1018","89","0","8/1/2025 07:59:51"
"830","2","5001","49","0","8/1/2025 07:59:51"
"831","2","1004","99","0","8/1/2025 07:59:52"
"832","2","1003","90","0","8/1/2025 07:59:52"
"833","2","1001","90","0","8/1/2025 07:59:52"
"834","2","2003","37","0","8/1/2025 07:59:52"
"835","2","1018","89","0","8/1/2025 07:59:52"
"836","2","5001","51","0","8/1/2025 07:59:52"
"837","2","1004","99","0","8/1/2025 07:59:53"
"838","2","1003","90","0","8/1/2025 07:59:53"
"839","2","1001","90","0","8/1/2025 07:59:53"
"840","2","2003","37","0","8/1/2025 07:59:53"
"841","2","1018","87","0","8/1/2025 07:59:53"
"842","2","5001","53","0","8/1/2025 07:59:53"
"843","2","1004","99","0","8/1/2025 07:59:54"
"844","2","1003","89","0","8/1/2025 07:59:54"
"845","2","1001","89","0","8/1/2025 07:59:54"
"846","2","2003","37","0","8/1/2025 07:59:54"
"847","2","1018","87","0","8/1/2025 07:59:54"
"848","2","5001","56","0","8/1/2025 07:59:54"
"849","2","1004","99","0","8/1/2025 07:59:55"
"850","2","1003","89","0","8/1/2025 07:59:55"
"851","2","1001","89","0","8/1/2025 07:59:55"
"852","2","2003","37","0","8/1/2025 07:59:55"
"853","2","1018","86","0","8/1/2025 07:59:55"
"854","2","5001","58","0","8/1/2025 07:59:55"
"855","2","1004","99","0","8/1/2025 07:59:56"
"856","2","1003","89","0","8/1/2025 07:59:56"
"857","2","1001","89","0","8/1/2025 07:59:56"
"858","2","2003","37","0","8/1/2025 07:59:56"
"859","2","1018","85","0","8/1/2025 07:59:56"
"860","2","5001","59","0","8/1/2025 07:59:56"
"861","2","1004","99","0","8/1/2025 07:59:57"
"862","2","1003","89","0","8/1/2025 07:59:57"
"863","2","1001","89","0","8/1/2025 07:59:57"
"864","2","2003","37","0","8/1/2025 07:59:57"
"865","2","1018","85","0","8/1/2025 07:59:57"
"866","2","5001","58","0","8/1/2025 07:59:57"
"867","2","1004","99","0","8/1/2025 07:59:58"
"868","2","1003","89","0","8/1/2025 07:59:58"
"869","2","1001","89","0","8/1/2025 07:59:58"
"870","2","2003","37","0","8/1/2025 07:59:58"
"871","2","1018","86","0","8/1/2025 07:59:58"
"872","2","5001","56","0","8/1/2025 07:59:58"
"873","2","1004","99","0","8/1/2025 07:59:59"
"874","2","1003","89","0","8/1/2025 07:59:59"
"875","2","1001","89","0","8/1/2025 07:59:59"
"876","2","2003","37","0","8/1/2025 07:59:59"
"877","2","1018","86","0","8/1/2025 07:59:59"
"878","2","5001","53","0","8/1/2025 07:59:59"
"879","2","1004","99","0","8/1/2025 08:00:00"
"880","2","1003","89","0","8/1/2025 08:00:00"
"881","2","1001","89","0","8/1/2025 08:00:00"
"882","2","2003","37","0","8/1/2025 08:00:00"
"883","2","1018","85","0","8/1/2025 08:00:00"
"884","2","5001","51","0","8/1/2025 08:00:00"
"885","2","1004","99","0","8/1/2025 08:00:01"
"886","2","1003","89","0","8/1/2025 08:00:01"
"887","2","1001","89","0","8/1/2025 08:00:01"
"888","2","2003","37","0","8/1/2025 08:00:01"
"889","2","1018","84","0","8/1/2025 08:00:01"
"890","2","5001","51","0","8/1/2025 08:00:01"
"891","2","1004","99","0","8/1/2025 08:00:02"
"892","2","1003","88","0","8/1/2025 08:00:02"
"893","2","1001","88","0","8/1/2025 08:00:02"
"894","2","2003","39","0","8/1/2025 08:00:02"
"895","2","1018","84","0","8/1/2025 08:00:02"
"896","2","5001","51","0","8/1/2025 08:00:02"
"897","2","1004","99","0","8/1/2025 08:00:03"
"898","2","1003","88","0","8/1/2025 08:00:03"
"899","2","1001","88","0","8/1/2025 08:00:03"
"900","2","2003","39","0","8/1/2025 08:00:03"
"901","2","1018","83","0","8/1/2025 08:00:03"
"902","2","5001","51","0","8/1/2025 08:00:03"
"903","2","1004","99","0","8/1/2025 08:00:04"
"904","2","1003","88","0","8/1/2025 08:00:04"
"905","2","1001","88","0","8/1/2025 08:00:04"
"906","2","2003","39","0","8/1/2025 08:00:04"
"907","2","1018","83","0","8/1/2025 08:00:04"
"908","2","5001","50","0","8/1/2025 08:00:04"
"909","2","1004","99","0","8/1/2025 08:00:05"
"910","2","1003","88","0","8/1/2025 08:00:05"
"911","2","1001","88","0","8/1/2025 08:00:05"
"912","2","2003","39","0","8/1/2025 08:00:05"
"913","2","1018","82","0","8/1/2025 08:00:05"
"914","2","5001","50","0","8/1/2025 08:00:05"
"915","2","1004","99","0","8/1/2025 08:00:06"
"916","2","1003","88","0","8/1/2025 08:00:06"
"917","2","1001","88","0","8/1/2025 08:00:06"
"918","2","2003","39","0","8/1/2025 08:00:06"
"919","2","1018","82","0","8/1/2025 08:00:06"
"920","2","5001","50","0","8/1/2025 08:00:06"
"921","2","1004","99","0","8/1/2025 08:00:07"
"922","2","1003","88","0","8/1/2025 08:00:07"
"923","2","1001","88","0","8/1/2025 08:00:07"
"924","2","2003","39","0","8/1/2025 08:00:07"
"925","2","1018","82","0","8/1/2025 08:00:07"
"926","2","5001","50","0","8/1/2025 08:00:07"
"927","2","1004","100","0","8/1/2025 08:00:08"
"928","2","1003","88","0","8/1/2025 08:00:08"
"929","2","1001","88","0","8/1/2025 08:00:08"
"930","2","2003","39","0","8/1/2025 08:00:08"
"931","2","1018","82","0","8/1/2025 08:00:08"
"932","2","5001","50","0","8/1/2025 08:00:08"
"933","2","1004","100","0","8/1/2025 08:00:09"
"934","2","1003","88","0","8/1/2025 08:00:09"
"935","2","1001","88","0","8/1/2025 08:00:09"
"936","2","2003","39","0","8/1/2025 08:00:09"
"937","2","1018","82","0","8/1/2025 08:00:09"
"938","2","5001","49","0","8/1/2025 08:00:09"
"939","2","1004","100","0","8/1/2025 08:00:10"
"940","2","1003","88","0","8/1/2025 08:00:10"
"941","2","1001","88","0","8/1/2025 08:00:10"
"942","2","2003","39","0","8/1/2025 08:00:10"
"943","2","1018","82","0","8/1/2025 08:00:10"
"944","2","5001","49","0","8/1/2025 08:00:10"
"945","2","1004","100","0","8/1/2025 08:00:11"
"946","2","1003","88","0","8/1/2025 08:00:11"
"947","2","1001","88","0","8/1/2025 08:00:11"
"948","2","2003","39","0","8/1/2025 08:00:11"
"949","2","1018","82","0","8/1/2025 08:00:11"
"950","2","5001","48","0","8/1/2025 08:00:11"
"951","2","1004","100","0","8/1/2025 08:00:12"
"952","2","1003","87","0","8/1/2025 08:00:12"
"953","2","1001","87","0","8/1/2025 08:00:12"
"954","2","2003","39","0","8/1/2025 08:00:12"
"955","2","1018","82","0","8/1/2025 08:00:12"
"956","2","5001","48","0","8/1/2025 08:00:12"
"957","2","1004","100","0","8/1/2025 08:00:13"
"958","2","1003","87","0","8/1/2025 08:00:13"
"959","2","1001","87","0","8/1/2025 08:00:13"
"960","2","2003","39","0","8/1/2025 08:00:13"
"961","2","1018","82","0","8/1/2025 08:00:13"
"962","2","5001","48","0","8/1/2025 08:00:13"
"963","2","1004","100","0","8/1/2025 08:00:14"
"964","2","1003","87","0","8/1/2025 08:00:14"
"965","2","1001","87","0","8/1/2025 08:00:14"
"966","2","2003","39","0","8/1/2025 08:00:14"
"967","2","1018","81","0","8/1/2025 08:00:14"
"968","2","5001","48","0","8/1/2025 08:00:14"
"969","2","1004","100","0","8/1/2025 08:00:15"
"970","2","1003","87","0","8/1/2025 08:00:15"
"971","2","1001","87","0","8/1/2025 08:00:15"
"972","2","2003","39","0","8/1/2025 08:00:15"
"973","2","1018","81","0","8/1/2025 08:00:15"
"974","2","5001","47","0","8/1/2025 08:00:15"
"975","2","1004","100","0","8/1/2025 08:00:16"
"976","2","1003","86","0","8/1/2025 08:00:16"
"977","2","1001","86","0","8/1/2025 08:00:16"
"978","2","2003","39","0","8/1/2025 08:00:16"
"979","2","1018","81","0","8/1/2025 08:00:16"
"980","2","5001","46","0","8/1/2025 08:00:16"
"981","2","1004","100","0","8/1/2025 08:00:17"
"982","2","1003","86","0","8/1/2025 08:00:17"
"983","2","1001","86","0","8/1/2025 08:00:17"
"984","2","2003","39","0","8/1/2025 08:00:17"
"985","2","1018","81","0","8/1/2025 08:00:17"
"986","2","5001","45","0","8/1/2025 08:00:17"
"987","2","1004","100","0","8/1/2025 08:00:18"
"988","2","1003","86","0","8/1/2025 08:00:18"
"989","2","1001","86","0","8/1/2025 08:00:18"
"990","2","2003","39","0","8/1/2025 08:00:18"
"991","2","1018","81","0","8/1/2025 08:00:18"
"992","2","5001","43","0","8/1/2025 08:00:18"
"993","2","1004","100","0","8/1/2025 08:00:19"
"994","2","1003","86","0","8/1/2025 08:00:19"
"995","2","1001","86","0","8/1/2025 08:00:19"
"996","2","2003","39","0","8/1/2025 08:00:19"
"997","2","1018","81","0","8/1/2025 08:00:19"
"998","2","5001","42","0","8/1/2025 08:00:19"
"999","2","1004","100","0","8/1/2025 08:00:20"
"1000","2","1003","86","0","8/1/2025 08:00:20"
