"id","ope_rat_id","use_start_time","use_end_time","diff","dosage","dosage_speed","channel_num"
"250","2","8/1/2025 07:57:35","8/1/2025 07:57:36","0","0.008","0.1","0"
"251","2","8/1/2025 07:57:36","8/1/2025 07:57:37","0","0.008","0.1","0"
"252","2","8/1/2025 07:57:37","8/1/2025 07:57:38","0","0.008","0.1","0"
"253","2","8/1/2025 07:57:38","8/1/2025 07:57:39","0.001","0.009","0.1","0"
"254","2","8/1/2025 07:57:39","8/1/2025 07:57:40","0","0.009","0.1","0"
"255","2","8/1/2025 07:57:40","8/1/2025 07:57:41","0","0.009","0.1","0"
"256","2","8/1/2025 07:57:41","8/1/2025 07:57:42","0","0.009","0.1","0"
"257","2","8/1/2025 07:57:42","8/1/2025 07:57:43","0","0.009","0.1","0"
"258","2","8/1/2025 07:57:43","8/1/2025 07:57:44","0","0.009","0.1","0"
"259","2","8/1/2025 07:57:44","8/1/2025 07:57:45","0","0.009","0.1","0"
"260","2","8/1/2025 07:57:45","8/1/2025 07:57:46","0","0.009","0.1","0"
"261","2","8/1/2025 07:57:46","8/1/2025 07:57:47","0","0.009","0.1","0"
"262","2","8/1/2025 07:57:47","8/1/2025 07:57:48","0","0.009","0.1","0"
"263","2","8/1/2025 07:57:48","8/1/2025 07:57:49","0.083","0.092","300","0"
"264","2","8/1/2025 07:57:49","8/1/2025 07:57:50","0.083","0.175","300","0"
"265","2","8/1/2025 07:57:50","8/1/2025 07:57:51","0.084","0.259","300","0"
"266","2","8/1/2025 07:57:51","8/1/2025 07:57:52","0.083","0.342","300","0"
"267","2","8/1/2025 07:57:52","8/1/2025 07:57:53","0.083","0.425","300","0"
"268","2","8/1/2025 07:57:53","8/1/2025 07:57:54","0.084","0.509","300","0"
"269","2","8/1/2025 07:57:54","8/1/2025 07:57:55","0.083","0.592","300","0"
"270","2","8/1/2025 07:57:55","8/1/2025 07:57:56","0.083","0.675","300","0"
"271","2","8/1/2025 07:57:56","8/1/2025 07:57:57","0.084","0.759","300","0"
"272","2","8/1/2025 07:57:57","8/1/2025 07:57:58","0.083","0.842","300","0"
"273","2","8/1/2025 07:57:58","8/1/2025 07:57:59","0.083","0.925","300","0"
"274","2","8/1/2025 07:57:59","8/1/2025 07:58:00","0.084","1.009","300","0"
"275","2","8/1/2025 07:58:00","8/1/2025 07:58:01","0.083","1.092","300","0"
"276","2","8/1/2025 07:58:01","8/1/2025 07:58:02","0.083","1.175","300","0"
"277","2","8/1/2025 07:58:02","8/1/2025 07:58:03","0.084","1.259","300","0"
"278","2","8/1/2025 07:58:03","8/1/2025 07:58:04","0.083","1.342","300","0"
"279","2","8/1/2025 07:58:04","8/1/2025 07:58:05","0.083","1.425","300","0"
"280","2","8/1/2025 07:58:05","8/1/2025 07:58:06","0.084","1.509","300","0"
"281","2","8/1/2025 07:58:06","8/1/2025 07:58:07","0.083","1.592","300","0"
"282","2","8/1/2025 07:58:07","8/1/2025 07:58:08","0.083","1.675","300","0"
"283","2","8/1/2025 07:58:08","8/1/2025 07:58:09","0.084","1.759","300","0"
"284","2","8/1/2025 07:58:09","8/1/2025 07:58:10","0.083","1.842","300","0"
"285","2","8/1/2025 07:58:10","8/1/2025 07:58:11","0.083","1.925","300","0"
"286","2","8/1/2025 07:58:11","8/1/2025 07:58:12","0.084","2.009","300","0"
"287","2","8/1/2025 07:58:12","8/1/2025 07:58:13","0.083","2.092","300","0"
"288","2","8/1/2025 07:58:13","8/1/2025 07:58:14","0.083","2.175","300","0"
"289","2","8/1/2025 07:58:14","8/1/2025 07:58:15","0.084","2.259","300","0"
"290","2","8/1/2025 07:58:15","8/1/2025 07:58:16","0.083","2.342","300","0"
"291","2","8/1/2025 07:58:16","8/1/2025 07:58:17","0.083","2.425","300","0"
"292","2","8/1/2025 07:58:17","8/1/2025 07:58:18","0.084","2.509","300","0"
"293","2","8/1/2025 07:58:18","8/1/2025 07:58:19","0.083","2.592","300","0"
"294","2","8/1/2025 07:58:19","8/1/2025 07:58:20","0.083","2.675","300","0"
"295","2","8/1/2025 07:58:20","8/1/2025 07:58:21","0.084","2.759","300","0"
"296","2","8/1/2025 07:58:21","8/1/2025 07:58:22","0.083","2.842","300","0"
"297","2","8/1/2025 07:58:22","8/1/2025 07:58:23","0.083","2.925","300","0"
"298","2","8/1/2025 07:58:23","8/1/2025 07:58:24","0.084","3.009","300","0"
"299","2","8/1/2025 07:58:24","8/1/2025 07:58:25","0.083","3.092","300","0"
"300","2","8/1/2025 07:58:25","8/1/2025 07:58:26","0.083","3.175","300","0"
"301","2","8/1/2025 07:58:26","8/1/2025 07:58:27","0.084","3.259","300","0"
"302","2","8/1/2025 07:58:27","8/1/2025 07:58:28","0.083","3.342","300","0"
"303","2","8/1/2025 07:58:28","8/1/2025 07:58:29","0.083","3.425","300","0"
"304","2","8/1/2025 07:58:29","8/1/2025 07:58:30","0.084","3.509","300","0"
"305","2","8/1/2025 07:58:30","8/1/2025 07:58:31","0.083","3.592","300","0"
"306","2","8/1/2025 07:58:32","8/1/2025 07:58:33","0.084","3.759","300","0"
"307","2","8/1/2025 07:58:34","8/1/2025 07:58:35","0.083","3.925","300","0"
"308","2","8/1/2025 07:58:33","8/1/2025 07:58:34","0.083","3.842","300","0"
"309","2","8/1/2025 07:58:35","8/1/2025 07:58:36","0.084","4.009","300","0"
"310","2","8/1/2025 07:58:36","8/1/2025 07:58:37","0.083","4.092","300","0"
"311","2","8/1/2025 07:58:37","8/1/2025 07:58:38","0.083","4.175","300","0"
"312","2","8/1/2025 07:58:38","8/1/2025 07:58:39","0.084","4.259","300","0"
"313","2","8/1/2025 07:58:39","8/1/2025 07:58:40","0.083","4.342","300","0"
"314","2","8/1/2025 07:58:40","8/1/2025 07:58:41","0.083","4.425","300","0"
"315","2","8/1/2025 07:58:41","8/1/2025 07:58:42","0.084","4.509","300","0"
"316","2","8/1/2025 07:58:42","8/1/2025 07:58:43","0.083","4.592","300","0"
"317","2","8/1/2025 07:58:43","8/1/2025 07:58:44","0.083","4.675","300","0"
"318","2","8/1/2025 07:58:44","8/1/2025 07:58:45","0.084","4.759","300","0"
"319","2","8/1/2025 07:58:45","8/1/2025 07:58:46","0.083","4.842","300","0"
"320","2","8/1/2025 07:58:46","8/1/2025 07:58:47","0.083","4.925","300","0"
"321","2","8/1/2025 07:58:47","8/1/2025 07:58:48","0.084","5.009","300","0"
"322","2","8/1/2025 07:58:48","8/1/2025 07:58:49","0.083","5.092","300","0"
"323","2","8/1/2025 07:58:49","8/1/2025 07:58:50","0.083","5.175","300","0"
"324","2","8/1/2025 07:58:50","8/1/2025 07:58:51","0.084","5.259","300","0"
"325","2","8/1/2025 07:58:51","8/1/2025 07:58:52","0.083","5.342","300","0"
"326","2","8/1/2025 07:58:52","8/1/2025 07:58:53","0.083","5.425","300","0"
"327","2","8/1/2025 07:58:53","8/1/2025 07:58:54","0.084","5.509","300","0"
"328","2","8/1/2025 07:58:54","8/1/2025 07:58:55","0.083","5.592","300","0"
"329","2","8/1/2025 07:58:55","8/1/2025 07:58:56","0.083","5.675","300","0"
"330","2","8/1/2025 07:58:56","8/1/2025 07:58:57","0.084","5.759","300","0"
"331","2","8/1/2025 07:58:57","8/1/2025 07:58:58","0.083","5.842","300","0"
"332","2","8/1/2025 07:58:58","8/1/2025 07:58:59","0.083","5.925","300","0"
"333","2","8/1/2025 07:58:59","8/1/2025 07:59:00","0.084","6.009","300","0"
"334","2","8/1/2025 07:59:00","8/1/2025 07:59:01","0.083","6.092","300","0"
"335","2","8/1/2025 07:59:01","8/1/2025 07:59:02","0.083","6.175","300","0"
"336","2","8/1/2025 07:59:02","8/1/2025 07:59:03","0.084","6.259","300","0"
"337","2","8/1/2025 07:59:03","8/1/2025 07:59:04","0.083","6.342","300","0"
"338","2","8/1/2025 07:59:04","8/1/2025 07:59:05","0.083","6.425","300","0"
"339","2","8/1/2025 07:59:05","8/1/2025 07:59:06","0.084","6.509","300","0"
"340","2","8/1/2025 07:59:06","8/1/2025 07:59:07","0.083","6.592","300","0"
"341","2","8/1/2025 07:59:07","8/1/2025 07:59:08","0.083","6.675","300","0"
"342","2","8/1/2025 07:59:08","8/1/2025 07:59:09","0.084","6.759","300","0"
"343","2","8/1/2025 07:59:09","8/1/2025 07:59:10","0.083","6.842","300","0"
"344","2","8/1/2025 07:59:10","8/1/2025 07:59:11","0.083","6.925","300","0"
"345","2","8/1/2025 07:59:11","8/1/2025 07:59:12","0.084","7.009","300","0"
"346","2","8/1/2025 07:59:12","8/1/2025 07:59:13","0.083","7.092","300","0"
"347","2","8/1/2025 07:59:13","8/1/2025 07:59:14","0.083","7.175","300","0"
"348","2","8/1/2025 07:59:14","8/1/2025 07:59:15","0.084","7.259","300","0"
"349","2","8/1/2025 07:59:15","8/1/2025 07:59:16","0.083","7.342","300","0"
"350","2","8/1/2025 07:59:16","8/1/2025 07:59:17","0.083","7.425","300","0"
"351","2","8/1/2025 07:59:17","8/1/2025 07:59:18","0.084","7.509","300","0"
"352","2","8/1/2025 07:59:18","8/1/2025 07:59:19","0.083","7.592","300","0"
"353","2","8/1/2025 07:59:19","8/1/2025 07:59:20","0.083","7.675","300","0"
"354","2","8/1/2025 07:59:20","8/1/2025 07:59:21","0.084","7.759","300","0"
"355","2","8/1/2025 07:59:21","8/1/2025 07:59:22","0.083","7.842","300","0"
"356","2","8/1/2025 07:59:22","8/1/2025 07:59:23","0.083","7.925","300","0"
"357","2","8/1/2025 07:59:23","8/1/2025 07:59:24","0.084","8.009","300","0"
"358","2","8/1/2025 07:59:24","8/1/2025 07:59:25","0.083","8.092","300","0"
"359","2","8/1/2025 07:59:25","8/1/2025 07:59:26","0.083","8.175","300","0"
"360","2","8/1/2025 07:59:26","8/1/2025 07:59:27","0.084","8.259","300","0"
"361","2","8/1/2025 07:59:27","8/1/2025 07:59:28","0.083","8.342","300","0"
"362","2","8/1/2025 07:59:28","8/1/2025 07:59:29","0.083","8.425","300","0"
"363","2","8/1/2025 07:59:29","8/1/2025 07:59:30","0.084","8.509","300","0"
"364","2","8/1/2025 07:59:30","8/1/2025 07:59:31","0.083","8.592","300","0"
"365","2","8/1/2025 07:59:31","8/1/2025 07:59:32","0.083","8.675","300","0"
"366","2","8/1/2025 07:59:32","8/1/2025 07:59:33","0.084","8.759","300","0"
"367","2","8/1/2025 07:59:33","8/1/2025 07:59:34","0.083","8.842","300","0"
"368","2","8/1/2025 07:59:34","8/1/2025 07:59:35","0.083","8.925","300","0"
"369","2","8/1/2025 07:59:35","8/1/2025 07:59:36","0.084","9.009","300","0"
"370","2","8/1/2025 07:59:36","8/1/2025 07:59:37","0.083","9.092","300","0"
"371","2","8/1/2025 07:59:37","8/1/2025 07:59:38","0.083","9.175","300","0"
"372","2","8/1/2025 07:59:38","8/1/2025 07:59:39","0.084","9.259","300","0"
"373","2","8/1/2025 07:59:39","8/1/2025 07:59:40","0.083","9.342","300","0"
"374","2","8/1/2025 07:59:40","8/1/2025 07:59:41","0.083","9.425","300","0"
"375","2","8/1/2025 07:59:41","8/1/2025 07:59:42","0.084","9.509","300","0"
"376","2","8/1/2025 07:59:42","8/1/2025 07:59:43","0.083","9.592","300","0"
"377","2","8/1/2025 07:59:44","8/1/2025 07:59:45","0.084","9.759","300","0"
"378","2","8/1/2025 07:59:45","8/1/2025 07:59:46","0.083","9.842","300","0"
"379","2","8/1/2025 07:59:46","8/1/2025 07:59:47","0.083","9.925","300","0"
"380","2","8/1/2025 07:59:47","8/1/2025 07:59:48","0.075","10","300","0"
"381","2","8/1/2025 07:59:48","8/1/2025 07:59:49","0","10","0.1","0"
"382","2","8/1/2025 07:59:49","8/1/2025 07:59:50","0","10","0.1","0"
"383","2","8/1/2025 07:59:50","8/1/2025 07:59:51","0","10","0.1","0"
"384","2","8/1/2025 07:59:51","8/1/2025 07:59:52","0","10","0.1","0"
"385","2","8/1/2025 07:59:52","8/1/2025 07:59:53","0","10","0.1","0"
"386","2","8/1/2025 07:59:53","8/1/2025 07:59:54","0","10","0.1","0"
"387","2","8/1/2025 07:59:54","8/1/2025 07:59:55","0","10","0.1","0"
"388","2","8/1/2025 07:59:55","8/1/2025 07:59:56","0","10","0.1","0"
"389","2","8/1/2025 07:59:56","8/1/2025 07:59:57","0","10","0.1","0"
"390","2","8/1/2025 07:59:57","8/1/2025 07:59:58","0","10","0.1","0"
"391","2","8/1/2025 07:59:58","8/1/2025 07:59:59","0","10","0.1","0"
"392","2","8/1/2025 07:59:59","8/1/2025 08:00:00","0.09","10.09","300","0"
"393","2","8/1/2025 08:00:00","8/1/2025 08:00:01","0.08","10.17","300","0"
"394","2","8/1/2025 08:00:01","8/1/2025 08:00:02","0.08","10.25","300","0"
"395","2","8/1/2025 08:00:02","8/1/2025 08:00:03","0.09","10.34","300","0"
"396","2","8/1/2025 08:00:03","8/1/2025 08:00:04","0.08","10.42","300","0"
"397","2","8/1/2025 08:00:04","8/1/2025 08:00:05","0.08","10.5","300","0"
"398","2","8/1/2025 08:00:05","8/1/2025 08:00:06","0.09","10.59","300","0"
"399","2","8/1/2025 08:00:06","8/1/2025 08:00:07","0.08","10.67","300","0"
"400","2","8/1/2025 08:00:07","8/1/2025 08:00:08","0.08","10.75","300","0"
"401","2","8/1/2025 08:00:08","8/1/2025 08:00:09","0.09","10.84","300","0"
"402","2","8/1/2025 08:00:09","8/1/2025 08:00:10","0.08","10.92","300","0"
"403","2","8/1/2025 08:00:10","8/1/2025 08:00:11","0.08","11","300","0"
"404","2","8/1/2025 08:00:11","8/1/2025 08:00:12","0.09","11.09","300","0"
"405","2","8/1/2025 08:00:12","8/1/2025 08:00:13","0.08","11.17","300","0"
"406","2","8/1/2025 08:00:13","8/1/2025 08:00:14","0.08","11.25","300","0"
"407","2","8/1/2025 08:00:14","8/1/2025 08:00:15","0.09","11.34","300","0"
"408","2","8/1/2025 08:00:15","8/1/2025 08:00:16","0.08","11.42","300","0"
"409","2","8/1/2025 08:00:16","8/1/2025 08:00:17","0.08","11.5","300","0"
"410","2","8/1/2025 08:00:17","8/1/2025 08:00:18","0.09","11.59","300","0"
"411","2","8/1/2025 08:00:18","8/1/2025 08:00:19","0.08","11.67","300","0"
"412","2","8/1/2025 08:00:19","8/1/2025 08:00:20","0.08","11.75","300","0"
"413","2","8/1/2025 08:00:20","8/1/2025 08:00:21","0.09","11.84","300","0"
"414","2","8/1/2025 08:00:21","8/1/2025 08:00:22","0.08","11.92","300","0"
"415","2","8/1/2025 08:00:22","8/1/2025 08:00:23","0.08","12","300","0"
"416","2","8/1/2025 08:00:23","8/1/2025 08:00:24","0","12","0.1","0"
"417","2","8/1/2025 08:00:24","8/1/2025 08:00:25","0","12","0.1","0"
"418","2","8/1/2025 08:00:25","8/1/2025 08:00:26","0","12","0.1","0"
"419","2","8/1/2025 08:00:26","8/1/2025 08:00:27","0","12","0.1","0"
"420","2","8/1/2025 08:00:27","8/1/2025 08:00:28","0","12","0.1","0"
"421","2","8/1/2025 08:00:28","8/1/2025 08:00:29","0","12","0.1","0"
"422","2","8/1/2025 08:00:29","8/1/2025 08:00:30","0","12","0.1","0"
"423","2","8/1/2025 08:00:31","8/1/2025 08:00:32","0","12","0.1","0"
"424","2","8/1/2025 08:00:32","8/1/2025 08:00:33","0","12","0.1","0"
"425","2","8/1/2025 08:00:33","8/1/2025 08:00:34","0","12","0.1","0"
"426","2","8/1/2025 08:00:34","8/1/2025 08:00:35","0","12","0.1","0"
"427","2","8/1/2025 08:00:35","8/1/2025 08:00:36","0","12","0.1","0"
"428","2","8/1/2025 08:00:36","8/1/2025 08:00:37","0","12","0.1","0"
"429","2","8/1/2025 08:00:37","8/1/2025 08:00:38","0","12","0.1","0"
"430","2","8/1/2025 08:00:38","8/1/2025 08:00:39","0.01","12.01","0.1","0"
"431","2","8/1/2025 08:00:40","8/1/2025 08:00:41","0","12.01","0.1","0"
"432","2","8/1/2025 08:00:41","8/1/2025 08:00:42","0","12.01","0.1","0"
"433","2","8/1/2025 08:00:42","8/1/2025 08:00:43","0","12.01","0.1","0"
"434","2","8/1/2025 08:00:43","8/1/2025 08:00:44","0","12.01","0.1","0"
"435","2","8/1/2025 08:00:44","8/1/2025 08:00:45","0","12.01","0.1","0"
"436","2","8/1/2025 08:00:45","8/1/2025 08:00:46","0","12.01","0.1","0"
"437","2","8/1/2025 08:00:46","8/1/2025 08:00:47","0","12.01","0.1","0"
"438","2","8/1/2025 08:00:47","8/1/2025 08:00:48","0","12.01","0.1","0"
"439","2","8/1/2025 08:00:48","8/1/2025 08:00:49","0","12.01","0.1","0"
"440","2","8/1/2025 08:00:49","8/1/2025 08:00:50","0","12.01","0.1","0"
"441","2","8/1/2025 08:00:50","8/1/2025 08:00:51","0","12.01","0.1","0"
"442","2","8/1/2025 08:00:51","8/1/2025 08:00:52","0","12.01","0.1","0"
"443","2","8/1/2025 08:00:52","8/1/2025 08:00:53","0","12.01","0.1","0"
"444","2","8/1/2025 08:00:53","8/1/2025 08:00:54","0","12.01","0.1","0"
"445","2","8/1/2025 08:00:55","8/1/2025 08:00:56","0","12.01","0.1","0"
"446","2","8/1/2025 08:00:56","8/1/2025 08:00:57","0","12.01","0.1","0"
"447","2","8/1/2025 08:00:57","8/1/2025 08:00:58","0","12.01","0.1","0"
"448","2","8/1/2025 08:00:58","8/1/2025 08:00:59","0","12.01","0.1","0"
"449","2","8/1/2025 08:00:59","8/1/2025 08:01:00","0","12.01","0.1","0"
"450","2","8/1/2025 08:01:00","8/1/2025 08:01:01","0","12.01","0.1","0"
"451","2","8/1/2025 08:01:01","8/1/2025 08:01:02","0","12.01","0.1","0"
"452","2","8/1/2025 08:01:02","8/1/2025 08:01:03","0","12.01","0.1","0"
"453","2","8/1/2025 08:01:04","8/1/2025 08:01:05","0","12.01","0.1","0"
"454","2","8/1/2025 08:01:05","8/1/2025 08:01:06","0","12.01","0.1","0"
"455","2","8/1/2025 08:01:06","8/1/2025 08:01:07","0","12.01","0.1","0"
"456","2","8/1/2025 08:01:07","8/1/2025 08:01:08","0","12.01","0.1","0"
"457","2","8/1/2025 08:01:08","8/1/2025 08:01:09","0","12.01","0.1","0"
"458","2","8/1/2025 08:01:09","8/1/2025 08:01:10","0","12.01","0.1","0"
"459","2","8/1/2025 08:01:10","8/1/2025 08:01:11","0","12.01","0.1","0"
"460","2","8/1/2025 08:01:11","8/1/2025 08:01:12","0","12.01","0.1","0"
"461","2","8/1/2025 08:01:12","8/1/2025 08:01:13","0","12.01","0.1","0"
"462","2","8/1/2025 08:01:13","8/1/2025 08:01:14","0","12.01","0.1","0"
"463","2","8/1/2025 08:01:14","8/1/2025 08:01:15","0","12.01","0.1","0"
"464","2","8/1/2025 08:01:15","8/1/2025 08:01:16","0","12.01","0.1","0"
"465","2","8/1/2025 08:01:16","8/1/2025 08:01:17","0","12.01","0.1","0"
"466","2","8/1/2025 08:01:17","8/1/2025 08:01:18","0","12.01","0.1","0"
"467","2","8/1/2025 08:01:18","8/1/2025 08:01:19","0","12.01","0.1","0"
"468","2","8/1/2025 08:01:19","8/1/2025 08:01:20","0","12.01","0.1","0"
"469","2","8/1/2025 08:01:20","8/1/2025 08:01:21","0","12.01","0.1","0"
"470","2","8/1/2025 08:01:21","8/1/2025 08:01:22","0","12.01","0.1","0"
"471","2","8/1/2025 08:01:22","8/1/2025 08:01:23","0","12.01","0.1","0"
"472","2","8/1/2025 08:01:23","8/1/2025 08:01:24","0","12.01","0.1","0"
"473","2","8/1/2025 08:01:24","8/1/2025 08:01:25","0","12.01","0.1","0"
"474","2","8/1/2025 08:01:25","8/1/2025 08:01:26","0","12.01","0.1","0"
"475","2","8/1/2025 08:01:26","8/1/2025 08:01:27","0","12.01","0.1","0"
"476","2","8/1/2025 08:01:27","8/1/2025 08:01:28","0","12.01","0.1","0"
"477","2","8/1/2025 08:01:28","8/1/2025 08:01:29","0","12.01","0.1","0"
"478","2","8/1/2025 08:01:30","8/1/2025 08:01:31","0","12.01","0.1","0"
"479","2","8/1/2025 08:01:31","8/1/2025 08:01:32","0.08","12.09","300","0"
"480","2","8/1/2025 08:01:32","8/1/2025 08:01:33","0.08","12.17","300","0"
"481","2","8/1/2025 08:01:33","8/1/2025 08:01:34","0.09","12.26","300","0"
"482","2","8/1/2025 08:01:34","8/1/2025 08:01:35","0.08","12.34","300","0"
"483","2","8/1/2025 08:01:35","8/1/2025 08:01:36","0.08","12.42","300","0"
"484","2","8/1/2025 08:01:36","8/1/2025 08:01:37","0.09","12.51","300","0"
"485","2","8/1/2025 08:01:37","8/1/2025 08:01:38","0.08","12.59","300","0"
"486","2","8/1/2025 08:01:38","8/1/2025 08:01:39","0.08","12.67","300","0"
"487","2","8/1/2025 08:01:39","8/1/2025 08:01:40","0.09","12.76","300","0"
"488","2","8/1/2025 08:01:40","8/1/2025 08:01:41","0.08","12.84","300","0"
"489","2","8/1/2025 08:01:41","8/1/2025 08:01:42","0.08","12.92","300","0"
"490","2","8/1/2025 08:01:42","8/1/2025 08:01:43","0.09","13.01","300","0"
"491","2","8/1/2025 08:01:43","8/1/2025 08:01:44","0.08","13.09","300","0"
"492","2","8/1/2025 08:01:44","8/1/2025 08:01:45","0.08","13.17","300","0"
"493","2","8/1/2025 08:01:45","8/1/2025 08:01:46","0.09","13.26","300","0"
"494","2","8/1/2025 08:01:46","8/1/2025 08:01:47","0.08","13.34","300","0"
"495","2","8/1/2025 08:01:47","8/1/2025 08:01:48","0.08","13.42","300","0"
"496","2","8/1/2025 08:01:48","8/1/2025 08:01:49","0.09","13.51","300","0"
"497","2","8/1/2025 08:01:49","8/1/2025 08:01:50","0.08","13.59","300","0"
"498","2","8/1/2025 08:01:50","8/1/2025 08:01:51","0.08","13.67","300","0"
"499","2","8/1/2025 08:01:51","8/1/2025 08:01:52","0.09","13.76","300","0"
"500","2","8/1/2025 08:01:52","8/1/2025 08:01:53","0.08","13.84","300","0"
"501","2","8/1/2025 08:01:53","8/1/2025 08:01:54","0.08","13.92","300","0"
"502","2","8/1/2025 08:01:54","8/1/2025 08:01:55","0.09","14.01","300","0"
"503","2","8/1/2025 08:01:55","8/1/2025 08:01:56","0","14.01","0.1","0"
"504","2","8/1/2025 08:01:56","8/1/2025 08:01:57","0","14.01","0.1","0"
"505","2","8/1/2025 08:01:57","8/1/2025 08:01:58","0","14.01","0.1","0"
"506","2","8/1/2025 08:01:58","8/1/2025 08:01:59","0","14.01","0.1","0"
"507","2","8/1/2025 08:01:59","8/1/2025 08:02:00","0","14.01","0.1","0"
"508","2","8/1/2025 08:02:00","8/1/2025 08:02:01","0","14.01","0.1","0"
"509","2","8/1/2025 08:02:01","8/1/2025 08:02:02","0","14.01","0.1","0"
"510","2","8/1/2025 08:02:02","8/1/2025 08:02:03","0","14.01","0.1","0"
"511","2","8/1/2025 08:02:03","8/1/2025 08:02:04","0","14.01","0","0"
"512","2","8/1/2025 08:02:04","8/1/2025 08:02:05","0","14.01","0","0"
"513","2","8/1/2025 08:02:05","8/1/2025 08:02:06","0","14.01","0","0"
"514","2","8/1/2025 08:02:06","8/1/2025 08:02:07","0","14.01","0","0"
"515","2","8/1/2025 08:02:07","8/1/2025 08:02:08","0","14.01","0","0"
"516","2","8/1/2025 08:02:08","8/1/2025 08:02:09","0","14.01","0","0"
"517","2","8/1/2025 08:02:09","8/1/2025 08:02:10","0","14.01","0","0"
"518","2","8/1/2025 08:02:10","8/1/2025 08:02:11","0","14.01","0","0"
"519","2","8/1/2025 08:02:11","8/1/2025 08:02:12","0","14.01","0","0"
"520","2","8/1/2025 08:02:12","8/1/2025 08:02:13","0","14.01","0","0"
"521","2","8/1/2025 08:02:13","8/1/2025 08:02:14","0","14.01","0","0"
"522","2","8/1/2025 08:02:14","8/1/2025 08:02:15","0","14.01","0","0"
"523","2","8/1/2025 08:02:15","8/1/2025 08:02:16","0","14.01","0","0"
"524","2","8/1/2025 08:02:16","8/1/2025 08:02:17","0","14.01","0","0"
"525","2","8/1/2025 08:02:17","8/1/2025 08:02:18","0","14.01","0","0"
"526","2","8/1/2025 08:02:18","8/1/2025 08:02:19","0","14.01","0","0"
"527","2","8/1/2025 08:02:19","8/1/2025 08:02:20","0","14.01","0","0"
"528","2","8/1/2025 08:02:20","8/1/2025 08:02:21","0","14.01","0","0"
"529","2","8/1/2025 08:02:21","8/1/2025 08:02:22","0","14.01","0","0"
"530","2","8/1/2025 08:02:22","8/1/2025 08:02:23","0","14.01","0","0"
"531","2","8/1/2025 08:02:23","8/1/2025 08:02:24","0","14.01","0.1","0"
"532","2","8/1/2025 08:02:24","8/1/2025 08:02:25","0","14.01","0.1","0"
"533","2","8/1/2025 08:02:25","8/1/2025 08:02:26","0","14.01","0.1","0"
"534","2","8/1/2025 08:02:26","8/1/2025 08:02:27","0","14.01","0.1","0"
"535","2","8/1/2025 08:02:27","8/1/2025 08:02:28","0","14.01","0.1","0"
"536","2","8/1/2025 08:02:28","8/1/2025 08:02:29","0","14.01","0","0"
"537","2","8/1/2025 08:02:29","8/1/2025 08:02:30","0","14.01","0","0"
"538","2","8/1/2025 08:02:30","8/1/2025 08:02:31","0","14.01","0","0"
"539","2","8/1/2025 08:02:31","8/1/2025 08:02:32","0","14.01","0","0"
"540","2","8/1/2025 08:02:32","8/1/2025 08:02:33","0","14.01","0","0"
"541","2","8/1/2025 08:02:33","8/1/2025 08:02:34","0","14.01","0","0"
"542","2","8/1/2025 08:02:35","8/1/2025 08:02:36","0","14.01","0","0"
"543","2","8/1/2025 08:02:34","8/1/2025 08:02:35","0","14.01","0","0"
"544","2","8/1/2025 08:02:36","8/1/2025 08:02:37","0","14.01","0","0"
"545","2","8/1/2025 08:02:37","8/1/2025 08:02:38","0","14.01","16","0"
"546","2","8/1/2025 08:02:38","8/1/2025 08:02:39","0.01","14.02","16","0"
"547","2","8/1/2025 08:02:39","8/1/2025 08:02:40","0","14.02","16","0"
"548","2","8/1/2025 08:02:40","8/1/2025 08:02:41","0","14.02","16","0"
"549","2","8/1/2025 08:02:41","8/1/2025 08:02:42","0.01","14.03","16","0"
"550","2","8/1/2025 08:02:42","8/1/2025 08:02:43","0","14.03","16","0"
"551","2","8/1/2025 08:02:43","8/1/2025 08:02:44","0.01","14.04","16","0"
"552","2","8/1/2025 08:02:45","8/1/2025 08:02:46","0.01","14.05","16","0"
"553","2","8/1/2025 08:02:44","8/1/2025 08:02:45","0","14.04","16","0"
"554","2","8/1/2025 08:02:46","8/1/2025 08:02:47","0","14.05","16","0"
"555","2","8/1/2025 08:02:47","8/1/2025 08:02:48","0.01","14.06","16","0"
"556","2","8/1/2025 08:02:48","8/1/2025 08:02:49","0","14.06","16","0"
"557","2","8/1/2025 08:02:49","8/1/2025 08:02:50","0","14.06","16","0"
"558","2","8/1/2025 08:02:50","8/1/2025 08:02:51","0.01","14.07","16","0"
"559","2","8/1/2025 08:02:51","8/1/2025 08:02:52","0","14.07","16","0"
"560","2","8/1/2025 08:02:52","8/1/2025 08:02:53","0.01","14.08","16","0"
"561","2","8/1/2025 08:02:53","8/1/2025 08:02:54","0","14.08","16","0"
"562","2","8/1/2025 08:02:54","8/1/2025 08:02:55","0.01","14.09","16","0"
"563","2","8/1/2025 08:02:55","8/1/2025 08:02:56","0","14.09","16","0"
"564","2","8/1/2025 08:02:56","8/1/2025 08:02:57","0.01","14.1","16","0"
"565","2","8/1/2025 08:02:57","8/1/2025 08:02:58","0","14.1","16","0"
"566","2","8/1/2025 08:02:58","8/1/2025 08:02:59","0","14.1","16","0"
"567","2","8/1/2025 08:02:59","8/1/2025 08:03:00","0.01","14.11","16","0"
"568","2","8/1/2025 08:03:00","8/1/2025 08:03:01","0","14.11","16","0"
"569","2","8/1/2025 08:03:01","8/1/2025 08:03:02","0.01","14.12","16","0"
"570","2","8/1/2025 08:03:02","8/1/2025 08:03:03","0","14.12","0","0"
"571","2","8/1/2025 08:03:03","8/1/2025 08:03:04","0","14.12","0","0"
"572","2","8/1/2025 08:03:04","8/1/2025 08:03:05","0","14.12","0","0"
"573","2","8/1/2025 08:03:05","8/1/2025 08:03:06","0","14.12","0","0"
"574","2","8/1/2025 08:03:06","8/1/2025 08:03:07","0","14.12","0","0"
"575","2","8/1/2025 08:03:07","8/1/2025 08:03:08","0","14.12","0","0"
"576","2","8/1/2025 08:03:08","8/1/2025 08:03:09","0","14.12","0","0"
"577","2","8/1/2025 08:03:09","8/1/2025 08:03:10","0","14.12","0","0"
"578","2","8/1/2025 08:03:10","8/1/2025 08:03:11","0","14.12","0","0"
"579","2","8/1/2025 08:03:11","8/1/2025 08:03:12","0","14.12","0","0"
"580","2","8/1/2025 08:03:12","8/1/2025 08:03:13","0","14.12","0.1","0"
"581","2","8/1/2025 08:03:13","8/1/2025 08:03:14","0","14.12","0.1","0"
"582","2","8/1/2025 08:03:14","8/1/2025 08:03:15","0","14.12","0.1","0"
"583","2","8/1/2025 08:03:15","8/1/2025 08:03:16","0","14.12","0.1","0"
"584","2","8/1/2025 08:03:16","8/1/2025 08:03:17","0","14.12","0.1","0"
"585","2","8/1/2025 08:03:18","8/1/2025 08:03:19","0","14.12","0.1","0"
"586","2","8/1/2025 08:03:20","8/1/2025 08:03:21","0","14.12","0.1","0"
"587","2","8/1/2025 08:03:19","8/1/2025 08:03:20","0","14.12","0.1","0"
"588","2","8/1/2025 08:03:21","8/1/2025 08:03:22","0","14.12","0.1","0"
"589","2","8/1/2025 08:03:22","8/1/2025 08:03:23","0","14.12","0.1","0"
"590","2","8/1/2025 08:03:23","8/1/2025 08:03:24","0","14.12","0.1","0"
"591","2","8/1/2025 08:03:24","8/1/2025 08:03:25","0","14.12","0.1","0"
"592","2","8/1/2025 08:03:25","8/1/2025 08:03:26","0","14.12","0.1","0"
"593","2","8/1/2025 08:03:26","8/1/2025 08:03:27","0","14.12","0.1","0"
"594","2","8/1/2025 08:03:27","8/1/2025 08:03:28","0","14.12","0.1","0"
"595","2","8/1/2025 08:03:28","8/1/2025 08:03:29","0","14.12","0.1","0"
"596","2","8/1/2025 08:03:29","8/1/2025 08:03:30","0","14.12","0.1","0"
"597","2","8/1/2025 08:03:30","8/1/2025 08:03:31","0","14.12","0.1","0"
"598","2","8/1/2025 08:03:31","8/1/2025 08:03:32","0","14.12","0.1","0"
"599","2","8/1/2025 08:03:32","8/1/2025 08:03:33","0","14.12","0.1","0"
"600","2","8/1/2025 08:03:33","8/1/2025 08:03:34","0","14.12","0.1","0"
"601","2","8/1/2025 08:03:34","8/1/2025 08:03:35","0","14.12","0.1","0"
"602","2","8/1/2025 08:03:35","8/1/2025 08:03:36","0","14.12","0.1","0"
"603","2","8/1/2025 08:03:36","8/1/2025 08:03:37","0","14.12","0.1","0"
"604","2","8/1/2025 08:03:37","8/1/2025 08:03:38","0","14.12","0.1","0"
"605","2","8/1/2025 08:03:38","8/1/2025 08:03:39","0","14.12","0.1","0"
"606","2","8/1/2025 08:03:39","8/1/2025 08:03:40","0","14.12","0.1","0"
"607","2","8/1/2025 08:03:40","8/1/2025 08:03:41","0","14.12","0.1","0"
"608","2","8/1/2025 08:03:42","8/1/2025 08:03:43","0","14.12","0.1","0"
"609","2","8/1/2025 08:03:43","8/1/2025 08:03:44","0","14.12","0.1","0"
"610","2","8/1/2025 08:03:44","8/1/2025 08:03:45","0","14.12","0.1","0"
"611","2","8/1/2025 08:03:45","8/1/2025 08:03:46","0","14.12","0.1","0"
"612","2","8/1/2025 08:03:46","8/1/2025 08:03:47","0","14.12","0.1","0"
"613","2","8/1/2025 08:03:47","8/1/2025 08:03:48","0","14.12","0.1","0"
"614","2","8/1/2025 08:03:48","8/1/2025 08:03:49","0","14.12","0.1","0"
"615","2","8/1/2025 08:03:49","8/1/2025 08:03:50","0","14.12","0.1","0"
"616","2","8/1/2025 08:03:50","8/1/2025 08:03:51","0","14.12","0.1","0"
"617","2","8/1/2025 08:03:51","8/1/2025 08:03:52","0","14.12","0.1","0"
"618","2","8/1/2025 08:03:52","8/1/2025 08:03:53","0","14.12","0.1","0"
"619","2","8/1/2025 08:03:53","8/1/2025 08:03:54","0","14.12","0.1","0"
"620","2","8/1/2025 08:03:54","8/1/2025 08:03:55","0","14.12","0.1","0"
"621","2","8/1/2025 08:03:55","8/1/2025 08:03:56","0","14.12","0.1","0"
"622","2","8/1/2025 08:03:56","8/1/2025 08:03:57","0","14.12","0.1","0"
"623","2","8/1/2025 08:03:57","8/1/2025 08:03:58","0","14.12","0.1","0"
"624","2","8/1/2025 08:03:58","8/1/2025 08:03:59","0","14.12","0.1","0"
"625","2","8/1/2025 08:03:59","8/1/2025 08:04:00","0","14.12","0.1","0"
"626","2","8/1/2025 08:04:00","8/1/2025 08:04:01","0","14.12","0.1","0"
"627","2","8/1/2025 08:04:01","8/1/2025 08:04:02","0","14.12","0.1","0"
"628","2","8/1/2025 08:04:02","8/1/2025 08:04:03","0","14.12","0.1","0"
"629","2","8/1/2025 08:04:03","8/1/2025 08:04:04","0","14.12","0.1","0"
"630","2","8/1/2025 08:04:04","8/1/2025 08:04:05","0","14.12","0.1","0"
"631","2","8/1/2025 08:04:05","8/1/2025 08:04:06","0","14.12","0.1","0"
"632","2","8/1/2025 08:04:06","8/1/2025 08:04:07","0","14.12","0.1","0"
"633","2","8/1/2025 08:04:07","8/1/2025 08:04:08","0","14.12","0.1","0"
"634","2","8/1/2025 08:04:08","8/1/2025 08:04:09","0","14.12","0.1","0"
"635","2","8/1/2025 08:04:09","8/1/2025 08:04:10","0","14.12","0.1","0"
"636","2","8/1/2025 08:04:10","8/1/2025 08:04:11","0","14.12","0.1","0"
"637","2","8/1/2025 08:04:11","8/1/2025 08:04:12","0","14.12","0.1","0"
"638","2","8/1/2025 08:04:12","8/1/2025 08:04:13","0","14.12","0.1","0"
"639","2","8/1/2025 08:04:13","8/1/2025 08:04:14","0","14.12","0.1","0"
"640","2","8/1/2025 08:04:14","8/1/2025 08:04:15","0","14.12","0.1","0"
"641","2","8/1/2025 08:04:15","8/1/2025 08:04:16","0","14.12","0.1","0"
"642","2","8/1/2025 08:04:16","8/1/2025 08:04:17","0","14.12","0.1","0"
"643","2","8/1/2025 08:04:17","8/1/2025 08:04:18","0","14.12","0.1","0"
"644","2","8/1/2025 08:04:18","8/1/2025 08:04:19","0","14.12","0.1","0"
"645","2","8/1/2025 08:04:19","8/1/2025 08:04:20","0","14.12","0.1","0"
"646","2","8/1/2025 08:04:20","8/1/2025 08:04:21","0","14.12","0.1","0"
"647","2","8/1/2025 08:04:21","8/1/2025 08:04:22","0","14.12","0.1","0"
"648","2","8/1/2025 08:04:22","8/1/2025 08:04:23","0","14.12","0.1","0"
"649","2","8/1/2025 08:04:23","8/1/2025 08:04:24","0","14.12","0.1","0"
"650","2","8/1/2025 08:04:24","8/1/2025 08:04:25","0","14.12","0.1","0"
"651","2","8/1/2025 08:04:25","8/1/2025 08:04:26","0","14.12","0.1","0"
"652","2","8/1/2025 08:04:26","8/1/2025 08:04:27","0","14.12","0.1","0"
"653","2","8/1/2025 08:04:27","8/1/2025 08:04:28","0","14.12","0.1","0"
"654","2","8/1/2025 08:04:28","8/1/2025 08:04:29","0","14.12","0.1","0"
"655","2","8/1/2025 08:04:29","8/1/2025 08:04:30","0","14.12","0.1","0"
"656","2","8/1/2025 08:04:30","8/1/2025 08:04:31","0","14.12","0.1","0"
"657","2","8/1/2025 08:04:31","8/1/2025 08:04:32","0","14.12","0.1","0"
"658","2","8/1/2025 08:04:32","8/1/2025 08:04:33","0","14.12","0.1","0"
"659","2","8/1/2025 08:04:33","8/1/2025 08:04:34","0","14.12","0.1","0"
"660","2","8/1/2025 08:04:34","8/1/2025 08:04:35","0","14.12","0.1","0"
"661","2","8/1/2025 08:04:35","8/1/2025 08:04:36","0","14.12","0.1","0"
"662","2","8/1/2025 08:04:36","8/1/2025 08:04:37","0","14.12","0.1","0"
"663","2","8/1/2025 08:04:37","8/1/2025 08:04:38","0","14.12","0.1","0"
"664","2","8/1/2025 08:04:38","8/1/2025 08:04:39","0","14.12","0.1","0"
"665","2","8/1/2025 08:04:39","8/1/2025 08:04:40","0","14.12","0.1","0"
"666","2","8/1/2025 08:04:40","8/1/2025 08:04:41","0","14.12","0.1","0"
"667","2","8/1/2025 08:04:41","8/1/2025 08:04:42","0","14.12","0.1","0"
"668","2","8/1/2025 08:04:42","8/1/2025 08:04:43","0","14.12","0.1","0"
"669","2","8/1/2025 08:04:43","8/1/2025 08:04:44","0","14.12","0.1","0"
"670","2","8/1/2025 08:04:44","8/1/2025 08:04:45","0","14.12","0.1","0"
"671","2","8/1/2025 08:04:45","8/1/2025 08:04:46","0","14.12","0.1","0"
"672","2","8/1/2025 08:04:46","8/1/2025 08:04:47","0","14.12","0.1","0"
"673","2","8/1/2025 08:04:47","8/1/2025 08:04:48","0","14.12","0.1","0"
"674","2","8/1/2025 08:04:48","8/1/2025 08:04:49","0","14.12","0.1","0"
"675","2","8/1/2025 08:04:49","8/1/2025 08:04:50","0","14.12","0.1","0"
"676","2","8/1/2025 08:04:50","8/1/2025 08:04:51","0","14.12","0.1","0"
"677","2","8/1/2025 08:04:51","8/1/2025 08:04:52","0","14.12","0.1","0"
"678","2","8/1/2025 08:04:52","8/1/2025 08:04:53","0","14.12","0.1","0"
"679","2","8/1/2025 08:04:53","8/1/2025 08:04:54","0","14.12","0.1","0"
"680","2","8/1/2025 08:04:54","8/1/2025 08:04:55","0","14.12","0.1","0"
"681","2","8/1/2025 08:04:55","8/1/2025 08:04:56","0","14.12","0.1","0"
"682","2","8/1/2025 08:04:56","8/1/2025 08:04:57","0","14.12","0.1","0"
"683","2","8/1/2025 08:04:57","8/1/2025 08:04:58","0","14.12","0.1","0"
"684","2","8/1/2025 08:04:58","8/1/2025 08:04:59","0","14.12","0.1","0"
"685","2","8/1/2025 08:04:59","8/1/2025 08:05:00","0","14.12","0.1","0"
"686","2","8/1/2025 08:05:00","8/1/2025 08:05:01","0","14.12","0.1","0"
"687","2","8/1/2025 08:05:01","8/1/2025 08:05:02","0","14.12","0.1","0"
"688","2","8/1/2025 08:05:02","8/1/2025 08:05:03","0","14.12","0.1","0"
"689","2","8/1/2025 08:05:03","8/1/2025 08:05:04","0","14.12","0.1","0"
"690","2","8/1/2025 08:05:04","8/1/2025 08:05:05","0","14.12","0.1","0"
"691","2","8/1/2025 08:05:05","8/1/2025 08:05:06","0","14.12","0.1","0"
"692","2","8/1/2025 08:05:06","8/1/2025 08:05:07","0","14.12","0.1","0"
"693","2","8/1/2025 08:05:07","8/1/2025 08:05:08","0","14.12","0.1","0"
"694","2","8/1/2025 08:05:08","8/1/2025 08:05:09","0","14.12","0.1","0"
"695","2","8/1/2025 08:05:09","8/1/2025 08:05:10","0","14.12","0.1","0"
"696","2","8/1/2025 08:05:10","8/1/2025 08:05:11","0","14.12","0.1","0"
"697","2","8/1/2025 08:05:11","8/1/2025 08:05:12","0","14.12","0.1","0"
"698","2","8/1/2025 08:05:12","8/1/2025 08:05:13","0","14.12","0.1","0"
"699","2","8/1/2025 08:05:13","8/1/2025 08:05:14","0","14.12","0.1","0"
"700","2","8/1/2025 08:05:14","8/1/2025 08:05:15","0","14.12","0.1","0"
"701","2","8/1/2025 08:05:15","8/1/2025 08:05:16","0","14.12","0.1","0"
"702","2","8/1/2025 08:05:17","8/1/2025 08:05:18","0","14.12","0.1","0"
"703","2","8/1/2025 08:05:18","8/1/2025 08:05:19","0","14.12","0.1","0"
"704","2","8/1/2025 08:05:19","8/1/2025 08:05:20","0","14.12","0.1","0"
"705","2","8/1/2025 08:05:21","8/1/2025 08:05:22","0","14.12","0.1","0"
"706","2","8/1/2025 08:05:22","8/1/2025 08:05:23","0","14.12","0.1","0"
"707","2","8/1/2025 08:05:23","8/1/2025 08:05:24","0","14.12","0.1","0"
"708","2","8/1/2025 08:05:24","8/1/2025 08:05:25","0","14.12","0.1","0"
"709","2","8/1/2025 08:05:25","8/1/2025 08:05:26","0","14.12","0.1","0"
"710","2","8/1/2025 08:05:26","8/1/2025 08:05:27","0","14.12","0.1","0"
"711","2","8/1/2025 08:05:27","8/1/2025 08:05:28","0","14.12","0.1","0"
"712","2","8/1/2025 08:05:34","8/1/2025 08:05:35","0","14.12","0.1","0"
"713","2","8/1/2025 08:05:35","8/1/2025 08:05:36","0","14.12","0.1","0"
"714","2","8/1/2025 08:05:33","8/1/2025 08:05:34","0","14.12","0.1","0"
"715","2","8/1/2025 08:05:36","8/1/2025 08:05:37","0","14.12","0.1","0"
"716","2","8/1/2025 08:05:38","8/1/2025 08:05:39","0","14.12","0.1","0"
"717","2","8/1/2025 08:05:40","8/1/2025 08:05:41","0","14.12","0.1","0"
"718","2","8/1/2025 08:05:39","8/1/2025 08:05:40","0","14.12","0.1","0"
"719","2","8/1/2025 08:05:41","8/1/2025 08:05:42","0","14.12","0.1","0"
"720","2","8/1/2025 08:05:42","8/1/2025 08:05:50","0","14.12","0.1","0"
"721","2","8/1/2025 08:05:50","8/1/2025 08:05:51","0","14.12","0.1","0"
"722","2","8/1/2025 08:06:01","8/1/2025 08:06:02","0","14.12","0.1","0"
"723","2","8/1/2025 08:06:02","8/1/2025 08:06:03","0","14.12","0.1","0"
"724","2","8/1/2025 08:06:04","8/1/2025 08:06:05","0","14.12","0.1","0"
"725","2","8/1/2025 08:06:08","8/1/2025 08:06:09","0","14.12","0.1","0"
"726","2","8/1/2025 08:06:09","8/1/2025 08:06:10","0","14.12","0.1","0"
"727","2","8/1/2025 08:06:11","8/1/2025 08:06:12","0","14.12","0.1","0"
"728","2","8/1/2025 08:06:12","8/1/2025 08:06:13","0","14.12","0.1","0"
"729","2","8/1/2025 08:06:17","8/1/2025 08:06:18","0","14.12","0.1","0"
"730","2","8/1/2025 08:06:18","8/1/2025 08:06:19","0","14.12","0.1","0"
"731","2","8/1/2025 08:06:19","8/1/2025 08:06:20","0","14.12","0.1","0"
"732","2","8/1/2025 08:06:20","8/1/2025 08:06:45","0","14.12","0.1","0"
"733","2","8/1/2025 08:06:45","8/1/2025 08:06:46","0","14.12","0.1","0"
"734","2","8/1/2025 08:06:49","8/1/2025 08:08:04","0.01","14.13","0.1","0"
"735","2","8/1/2025 08:08:04","8/1/2025 08:08:05","0","14.13","0.1","0"
"736","2","8/1/2025 08:08:05","8/1/2025 08:08:06","0","14.13","0.1","0"
"737","2","8/1/2025 08:08:06","8/1/2025 08:08:07","0","14.13","0.1","0"
"738","2","8/1/2025 08:08:07","8/1/2025 08:08:08","0","14.13","0.1","0"
"739","2","8/1/2025 08:08:09","8/1/2025 08:08:10","0","14.13","0.1","0"
"740","2","8/1/2025 08:08:08","8/1/2025 08:08:09","0","14.13","0.1","0"
"741","2","8/1/2025 08:08:10","8/1/2025 08:08:11","0","14.13","0.1","0"
"742","2","8/1/2025 08:08:12","8/1/2025 08:08:13","0","14.13","0.1","0"
"743","2","8/1/2025 08:08:11","8/1/2025 08:08:12","0","14.13","0.1","0"
"744","2","8/1/2025 08:08:13","8/1/2025 08:08:14","0","14.13","0.1","0"
"745","2","8/1/2025 08:08:15","8/1/2025 08:08:16","0","14.13","0.1","0"
"746","2","8/1/2025 08:08:16","8/1/2025 08:08:17","0","14.13","0.1","0"
"747","2","8/1/2025 08:08:17","8/1/2025 08:08:18","0","14.13","0.1","0"
"748","2","8/1/2025 08:08:25","8/1/2025 08:08:26","0","14.13","0.1","0"
"749","2","8/1/2025 08:08:24","8/1/2025 08:08:25","0","14.13","0.1","0"
"750","2","8/1/2025 08:08:30","8/1/2025 08:08:31","0","14.13","0.1","0"
"751","2","8/1/2025 08:08:29","8/1/2025 08:08:30","0","14.13","0.1","0"
"752","2","8/1/2025 08:08:31","8/1/2025 08:08:32","0","14.13","0.1","0"
"753","2","8/1/2025 08:08:32","8/1/2025 08:08:33","0","14.13","0.1","0"
"754","2","8/1/2025 08:08:34","8/1/2025 08:09:37","0","14.13","0.1","0"
"755","2","8/1/2025 08:09:37","8/1/2025 08:09:38","0","14.13","0.1","0"
"756","2","8/1/2025 08:09:38","8/1/2025 08:09:39","0","14.13","0.1","0"
"757","2","8/1/2025 08:09:39","8/1/2025 08:09:40","0","14.13","0.1","0"
"758","2","8/1/2025 08:09:40","8/1/2025 08:09:41","0","14.13","0.1","0"
"759","2","8/1/2025 08:09:41","8/1/2025 08:09:42","0","14.13","0.1","0"
"760","2","8/1/2025 08:09:42","8/1/2025 08:09:43","0","14.13","0.1","0"
"761","2","8/1/2025 08:09:43","8/1/2025 08:09:44","0","14.13","0.1","0"
"762","2","8/1/2025 08:09:45","8/1/2025 08:09:46","0","14.13","0.1","0"
"763","2","8/1/2025 08:09:44","8/1/2025 08:09:45","0","14.13","0.1","0"
"764","2","8/1/2025 08:09:47","8/1/2025 08:09:48","0","14.13","0.1","0"
"765","2","8/1/2025 08:09:46","8/1/2025 08:09:47","0","14.13","0.1","0"
"766","2","8/1/2025 08:09:49","8/1/2025 08:09:50","0","14.13","0.1","0"
"767","2","8/1/2025 08:09:48","8/1/2025 08:09:49","0","14.13","0.1","0"
"768","2","8/1/2025 08:09:50","8/1/2025 08:09:51","0","14.13","0.1","0"
"769","2","8/1/2025 08:09:51","8/1/2025 08:09:52","0","14.13","0.1","0"
"770","2","8/1/2025 08:09:52","8/1/2025 08:09:53","0","14.13","0.1","0"
"771","2","8/1/2025 08:09:53","8/1/2025 08:09:54","0","14.13","0.1","0"
"772","2","8/1/2025 08:09:55","8/1/2025 08:09:56","0","14.13","0.1","0"
"773","2","8/1/2025 08:09:56","8/1/2025 08:09:57","0","14.13","0.1","0"
"774","2","8/1/2025 08:09:57","8/1/2025 08:09:58","0","14.13","0.1","0"
"775","2","8/1/2025 08:09:58","8/1/2025 08:09:59","0","14.13","0.1","0"
"776","2","8/1/2025 08:09:59","8/1/2025 08:10:00","0","14.13","0.1","0"
"777","2","8/1/2025 08:10:00","8/1/2025 08:10:01","0","14.13","0.1","0"
"778","2","8/1/2025 08:10:01","8/1/2025 08:10:02","0","14.13","0.1","0"
"779","2","8/1/2025 08:10:02","8/1/2025 08:10:03","0","14.13","0.1","0"
"780","2","8/1/2025 08:10:03","8/1/2025 08:10:04","0","14.13","0.1","0"
"781","2","8/1/2025 08:10:05","8/1/2025 08:10:06","0","14.13","0.1","0"
"782","2","8/1/2025 08:10:04","8/1/2025 08:10:05","0","14.13","0.1","0"
"783","2","8/1/2025 08:10:06","8/1/2025 08:10:07","0","14.13","0.1","0"
"784","2","8/1/2025 08:10:07","8/1/2025 08:10:08","0","14.13","0.1","0"
"785","2","8/1/2025 08:10:15","8/1/2025 08:10:16","0","14.13","0.1","0"
"786","2","8/1/2025 08:10:16","8/1/2025 08:10:17","0","14.13","0.1","0"
"787","2","8/1/2025 08:10:17","8/1/2025 08:10:18","0","14.13","0.1","0"
"788","2","8/1/2025 08:10:18","8/1/2025 08:10:19","0","14.13","0.1","0"
"789","2","8/1/2025 08:10:20","8/1/2025 08:10:21","0","14.13","0.1","0"
"790","2","8/1/2025 08:10:21","8/1/2025 08:10:22","0","14.13","0.1","0"
"791","2","8/1/2025 08:10:23","8/1/2025 08:10:24","0","14.13","0.1","0"
"792","2","8/1/2025 08:10:24","8/1/2025 08:10:25","0","14.13","0.1","0"
"793","2","8/1/2025 08:10:26","8/1/2025 08:10:27","0","14.13","0.1","0"
"794","2","8/1/2025 08:10:28","8/1/2025 08:10:29","0","14.13","0.1","0"
"795","2","8/1/2025 08:10:32","8/1/2025 08:10:33","0","14.13","0.1","0"
"796","2","8/1/2025 08:10:34","8/1/2025 08:10:35","0","14.13","0.1","0"
"797","2","8/1/2025 08:10:36","8/1/2025 08:10:37","0","14.13","0.1","0"
"798","2","8/1/2025 08:10:41","8/1/2025 08:10:42","0","14.13","0.1","0"
"799","2","8/1/2025 08:10:45","8/1/2025 08:10:46","0","14.13","0.1","0"
"800","2","8/1/2025 08:10:46","8/1/2025 08:10:47","0","14.13","0.1","0"
"801","2","8/1/2025 08:10:48","8/1/2025 08:10:49","0","14.13","0.1","0"
"802","2","8/1/2025 08:10:49","8/1/2025 08:10:50","0","14.13","0.1","0"
"803","2","8/1/2025 08:10:51","8/1/2025 08:10:52","0","14.13","0.1","0"
"804","2","8/1/2025 08:10:52","8/1/2025 08:10:53","0","14.13","0.1","0"
"805","2","8/1/2025 08:10:53","8/1/2025 08:10:54","0","14.13","0.1","0"
"806","2","8/1/2025 08:10:58","8/1/2025 08:10:59","0","14.13","0.1","0"
"807","2","8/1/2025 08:10:59","8/1/2025 08:11:00","0","14.13","0.1","0"
"808","2","8/1/2025 08:11:01","8/1/2025 08:11:02","0","14.13","0.1","0"
"809","2","8/1/2025 08:11:00","8/1/2025 08:11:01","0","14.13","0.1","0"
"810","2","8/1/2025 08:11:02","8/1/2025 08:11:59","0","14.13","0.1","0"
"811","2","8/1/2025 08:11:59","8/1/2025 08:12:00","0","14.13","0.1","0"
"812","2","8/1/2025 08:12:00","8/1/2025 08:12:01","0","14.13","0.1","0"
"813","2","8/1/2025 08:12:01","8/1/2025 08:12:02","0","14.13","0.1","0"
"814","2","8/1/2025 08:12:02","8/1/2025 08:12:03","0","14.13","0.1","0"
"815","2","8/1/2025 08:12:04","8/1/2025 08:12:05","0","14.13","0.1","0"
"816","2","8/1/2025 08:12:05","8/1/2025 08:12:06","0","14.13","0.1","0"
"817","2","8/1/2025 08:12:06","8/1/2025 08:12:07","0","14.13","0.1","0"
"818","2","8/1/2025 08:12:07","8/1/2025 08:12:08","0","14.13","0.1","0"
"819","2","8/1/2025 08:12:08","8/1/2025 08:12:09","0","14.13","0.1","0"
"820","2","8/1/2025 08:12:09","8/1/2025 08:12:10","0","14.13","0.1","0"
"821","2","8/1/2025 08:12:10","8/1/2025 08:12:11","0","14.13","0.1","0"
"822","2","8/1/2025 08:12:11","8/1/2025 08:12:12","0","14.13","0.1","0"
"823","3","8/1/2025 08:47:18","8/1/2025 08:47:19","0","0","0.1","0"
"824","3","8/1/2025 08:47:27","8/1/2025 08:47:28","0","0","0.1","0"
"825","3","8/1/2025 08:47:31","8/1/2025 08:47:32","0","0","0.1","0"
"826","3","8/1/2025 08:47:35","8/1/2025 08:47:36","0","0","0.1","0"
"827","3","8/1/2025 08:47:42","8/1/2025 08:47:43","0","0","0.1","0"
"828","3","8/1/2025 08:47:44","8/1/2025 08:47:45","0","0","0.1","0"
"829","3","8/1/2025 08:47:46","8/1/2025 08:47:47","0","0","0.1","0"
"830","3","8/1/2025 08:47:55","8/1/2025 08:47:56","0","0.001","0.1","0"
"831","3","8/1/2025 08:47:57","8/1/2025 08:47:58","0","0.001","0.1","0"
"832","3","8/1/2025 08:48:01","8/1/2025 08:48:02","0","0.001","0.1","0"
"833","3","8/1/2025 08:48:02","8/1/2025 08:48:03","0","0.001","0.1","0"
"834","3","8/1/2025 08:48:04","8/1/2025 08:48:05","0","0.001","0.1","0"
"835","3","8/1/2025 08:48:12","8/1/2025 08:48:13","0.084","0.418","300","0"
"836","3","8/1/2025 08:48:14","8/1/2025 08:48:15","0.083","0.584","300","0"
"837","3","8/1/2025 08:48:16","8/1/2025 08:48:17","0.083","0.751","300","0"
"838","3","8/1/2025 08:48:18","8/1/2025 08:48:19","0.084","0.918","300","0"
"839","3","8/1/2025 08:48:21","8/1/2025 08:48:22","0.084","1.168","300","0"
"840","3","8/1/2025 08:48:26","8/1/2025 08:48:27","0.083","1.584","300","0"
"841","3","8/1/2025 08:48:27","8/1/2025 08:48:28","0.084","1.668","300","0"
"842","3","8/1/2025 08:48:31","8/1/2025 08:48:32","0.083","2.001","300","0"
"843","3","8/1/2025 08:48:32","8/1/2025 08:48:33","0.083","2.084","300","0"
"844","3","8/1/2025 08:48:36","8/1/2025 08:48:37","0.084","2.418","300","0"
"845","3","8/1/2025 08:48:40","8/1/2025 08:48:41","0.083","2.751","300","0"
"846","3","8/1/2025 08:48:42","8/1/2025 08:48:43","0.084","2.918","300","0"
"847","3","8/1/2025 08:48:44","8/1/2025 08:48:45","0.083","3.084","300","0"
"848","3","8/1/2025 08:48:45","8/1/2025 08:48:46","0.084","3.168","300","0"
"849","3","8/1/2025 08:48:46","8/1/2025 08:48:47","0.083","3.251","300","0"
"850","3","8/1/2025 08:48:48","8/1/2025 08:48:49","0.084","3.418","300","0"
"851","3","8/1/2025 08:48:50","8/1/2025 08:48:51","0.083","3.584","300","0"
"852","3","8/1/2025 08:48:49","8/1/2025 08:48:50","0.083","3.501","300","0"
"853","3","8/1/2025 08:48:57","8/1/2025 08:48:58","0.084","4.168","300","0"
"854","3","8/1/2025 08:48:59","8/1/2025 08:49:00","0.083","4.334","300","0"
"855","3","8/1/2025 08:48:58","8/1/2025 08:48:59","0.083","4.251","300","0"
"856","3","8/1/2025 08:49:04","8/1/2025 08:49:05","0.083","4.751","300","0"
"857","3","8/1/2025 08:49:05","8/1/2025 08:49:06","0.083","4.834","300","0"
"858","3","8/1/2025 08:49:06","8/1/2025 08:49:07","0.084","4.918","300","0"
"859","3","8/1/2025 08:49:07","8/1/2025 08:49:08","0.083","5.001","300","0"
"860","3","8/1/2025 08:49:09","8/1/2025 08:49:10","0.084","5.168","300","0"
"861","3","8/1/2025 08:49:11","8/1/2025 08:49:12","0.083","5.334","300","0"
"862","3","8/1/2025 08:49:12","8/1/2025 08:49:13","0.084","5.418","300","0"
"863","3","8/1/2025 08:49:16","8/1/2025 08:49:17","0.083","5.751","300","0"
"864","3","8/1/2025 08:49:25","8/1/2025 08:49:26","0.083","6.501","300","0"
"865","3","8/1/2025 08:49:29","8/1/2025 08:49:30","0.083","6.834","300","0"
"866","3","8/1/2025 08:49:30","8/1/2025 08:49:31","0.084","6.918","300","0"
"867","3","8/1/2025 08:49:31","8/1/2025 08:49:32","0.083","7.001","300","0"
"868","3","8/1/2025 08:49:35","8/1/2025 08:49:36","0.083","7.334","300","0"
"869","3","8/1/2025 08:49:42","8/1/2025 08:49:43","0.084","7.918","300","0"
"870","3","8/1/2025 08:49:43","8/1/2025 08:49:44","0.083","8.001","300","0"
"871","3","8/1/2025 08:49:46","8/1/2025 08:49:47","0.083","8.251","300","0"
"872","3","8/1/2025 08:49:48","8/1/2025 08:49:49","0.084","8.418","300","0"
"873","3","8/1/2025 08:49:53","8/1/2025 08:49:54","0.083","8.834","300","0"
"874","3","8/1/2025 08:49:56","8/1/2025 08:49:57","0.083","9.084","300","0"
"875","3","8/1/2025 08:49:57","8/1/2025 08:49:58","0.084","9.168","300","0"
"876","3","8/1/2025 08:49:58","8/1/2025 08:49:59","0.083","9.251","300","0"
"877","3","8/1/2025 08:50:00","8/1/2025 08:50:01","0.084","9.418","300","0"
"878","3","8/1/2025 08:50:01","8/1/2025 08:50:02","0.083","9.501","300","0"
"879","3","8/1/2025 08:50:13","8/1/2025 08:50:14","0.09","10.5","300","0"
"880","3","8/1/2025 08:50:16","8/1/2025 08:50:17","0.09","10.75","300","0"
"881","3","8/1/2025 08:50:24","8/1/2025 08:50:25","0.08","11.41","300","0"
"882","3","8/1/2025 08:50:26","8/1/2025 08:50:27","0.08","11.58","300","0"
"883","3","8/1/2025 08:50:27","8/1/2025 08:50:28","0.08","11.66","300","0"
"884","3","8/1/2025 08:50:31","8/1/2025 08:50:32","0.09","12","300","0"
"885","3","8/1/2025 08:50:33","8/1/2025 08:50:34","0","12","0.1","0"
"886","3","8/1/2025 08:50:34","8/1/2025 08:50:35","0","12","0.1","0"
"887","3","8/1/2025 08:50:38","8/1/2025 08:50:39","0","12","0.1","0"
"888","3","8/1/2025 08:50:46","8/1/2025 08:50:47","0","12","0.1","0"
"889","3","8/1/2025 08:50:47","8/1/2025 08:50:48","0","12","0.1","0"
"890","3","8/1/2025 08:50:50","8/1/2025 08:50:51","0","12","0.1","0"
"891","3","8/1/2025 08:50:57","8/1/2025 08:50:58","0","12","0.1","0"
"892","3","8/1/2025 08:51:01","8/1/2025 08:51:02","0","12","0.1","0"
"893","3","8/1/2025 08:51:04","8/1/2025 08:51:05","0","12","0.1","0"
"894","3","8/1/2025 08:51:06","8/1/2025 08:51:07","0","12","0.1","0"
"895","3","8/1/2025 08:51:05","8/1/2025 08:51:06","0","12","0.1","0"
"896","3","8/1/2025 08:51:10","8/1/2025 08:51:11","0","12","0","0"
"897","3","8/1/2025 08:51:12","8/1/2025 08:51:13","0","12","0","0"
"898","3","8/1/2025 08:51:13","8/1/2025 08:51:14","0","12","0","0"
"899","3","8/1/2025 08:51:16","8/1/2025 08:51:17","0","12.01","16","0"
"900","3","8/1/2025 08:51:17","8/1/2025 08:51:18","0.01","12.02","16","0"
"901","3","8/1/2025 08:51:20","8/1/2025 08:51:21","0.01","12.03","16","0"
"902","3","8/1/2025 08:51:26","8/1/2025 08:51:27","0.01","12.06","16","0"
"903","3","8/1/2025 08:51:25","8/1/2025 08:51:26","0","12.05","16","0"
"904","3","8/1/2025 08:51:31","8/1/2025 08:51:32","0.01","12.08","16","0"
"905","3","8/1/2025 08:51:35","8/1/2025 08:51:36","0.01","12.1","16","0"
"906","3","8/1/2025 08:51:36","8/1/2025 08:51:37","0","12.1","16","0"
"907","3","8/1/2025 08:51:41","8/1/2025 08:51:42","0.08","12.36","300","0"
"908","3","8/1/2025 08:51:46","8/1/2025 08:51:47","0.09","12.78","300","0"
"909","3","8/1/2025 08:51:47","8/1/2025 08:51:48","0.08","12.86","300","0"
"910","3","8/1/2025 08:51:50","8/1/2025 08:51:51","0.08","13.11","300","0"
"911","3","8/1/2025 08:51:51","8/1/2025 08:51:52","0.08","13.19","300","0"
"912","3","8/1/2025 08:52:01","8/1/2025 08:52:02","0.09","14.03","300","0"
"913","3","8/1/2025 08:52:04","8/1/2025 08:52:05","0.01","14.12","16","0"
"914","3","8/1/2025 08:52:05","8/1/2025 08:52:06","0","14.12","16","0"
"915","3","8/1/2025 08:52:16","8/1/2025 08:52:17","0","14.17","16","0"
"916","3","8/1/2025 08:52:21","8/1/2025 08:52:22","0","14.19","16","0"
"917","3","8/1/2025 08:52:20","8/1/2025 08:52:21","0.01","14.19","16","0"
"918","3","8/1/2025 08:52:31","8/1/2025 08:52:32","0.01","14.24","16","0"
"919","3","8/1/2025 08:52:35","8/1/2025 08:52:36","0.01","14.26","16","0"
"920","3","8/1/2025 08:52:36","8/1/2025 08:52:37","0","14.26","16","0"
"921","3","8/1/2025 08:52:37","8/1/2025 08:52:38","0","14.26","16","0"
"922","3","8/1/2025 08:52:38","8/1/2025 08:52:39","0.01","14.27","16","0"
"923","3","8/1/2025 08:52:46","8/1/2025 08:52:47","0","14.3","16","0"
"924","3","8/1/2025 08:52:47","8/1/2025 08:52:48","0.01","14.31","16","0"
"925","3","8/1/2025 08:52:49","8/1/2025 08:52:50","0.01","14.32","16","0"
"926","3","8/1/2025 08:52:50","8/1/2025 08:52:51","0","14.32","16","0"
"927","3","8/1/2025 08:52:59","8/1/2025 08:53:00","0","14.36","16","0"
"928","3","8/1/2025 08:53:13","8/1/2025 08:53:14","0","14.42","16","0"
"929","3","8/1/2025 08:53:16","8/1/2025 08:53:17","0.01","14.44","16","0"
"930","3","8/1/2025 08:53:17","8/1/2025 08:53:18","0","14.44","16","0"
"931","3","8/1/2025 08:53:19","8/1/2025 08:53:20","0","14.45","16","0"
"932","3","8/1/2025 08:53:20","8/1/2025 08:53:21","0.01","14.46","16","0"
"933","3","8/1/2025 08:53:24","8/1/2025 08:53:25","0","14.47","16","0"
"934","3","8/1/2025 08:53:25","8/1/2025 08:53:26","0.01","14.48","16","0"
"935","3","8/1/2025 08:53:30","8/1/2025 08:53:31","0","14.5","16","0"
"936","3","8/1/2025 08:53:31","8/1/2025 08:53:32","0","14.5","16","0"
"937","3","8/1/2025 08:53:47","8/1/2025 08:53:48","0.01","14.58","16","0"
"938","3","8/1/2025 08:53:50","8/1/2025 08:53:51","0.01","14.59","16","0"
"939","3","8/1/2025 08:53:56","8/1/2025 08:53:57","0.01","14.62","16","0"
"940","3","8/1/2025 08:54:01","8/1/2025 08:54:02","0.01","14.64","16","0"
"941","3","8/1/2025 08:54:04","8/1/2025 08:54:05","0","14.65","16","0"
"942","3","8/1/2025 08:54:05","8/1/2025 08:54:06","0.01","14.66","16","0"
"943","3","8/1/2025 08:54:11","8/1/2025 08:54:12","0","14.68","16","0"
"944","3","8/1/2025 08:54:12","8/1/2025 08:54:13","0.01","14.69","16","0"
"945","3","8/1/2025 08:54:16","8/1/2025 08:54:17","0","14.7","16","0"
"946","3","8/1/2025 08:54:20","8/1/2025 08:54:21","0","14.72","16","0"
"947","3","8/1/2025 08:54:37","8/1/2025 08:54:38","0.01","14.8","16","0"
"948","3","8/1/2025 08:54:38","8/1/2025 08:54:39","0","14.8","16","0"
"949","3","8/1/2025 08:54:46","8/1/2025 08:54:47","0.01","14.84","16","0"
"950","3","8/1/2025 08:54:47","8/1/2025 08:54:48","0","14.84","16","0"
"951","3","8/1/2025 08:54:50","8/1/2025 08:54:51","0.01","14.86","16","0"
"952","3","8/1/2025 08:55:03","8/1/2025 08:55:04","0","14.91","16","0"
"953","3","8/1/2025 08:55:04","8/1/2025 08:55:05","0.01","14.92","16","0"
"954","3","8/1/2025 08:55:05","8/1/2025 08:55:06","0","14.92","16","0"
"955","3","8/1/2025 08:55:07","8/1/2025 08:55:08","0","14.93","16","0"
"956","3","8/1/2025 08:55:10","8/1/2025 08:55:11","0","14.94","16","0"
"957","3","8/1/2025 08:55:20","8/1/2025 08:55:21","0.01","14.99","16","0"
"958","3","8/1/2025 08:55:35","8/1/2025 08:55:36","0.01","15.06","16","0"
"959","3","8/1/2025 08:55:40","8/1/2025 08:55:41","0.01","15.08","16","0"
"960","3","8/1/2025 08:55:46","8/1/2025 08:55:47","0","15.1","16","0"
"961","3","8/1/2025 08:55:48","8/1/2025 08:55:49","0","15.11","16","0"
"962","3","8/1/2025 08:55:54","8/1/2025 08:55:55","0","15.14","16","0"
"963","3","8/1/2025 08:56:03","8/1/2025 08:56:04","0","15.18","16","0"
"964","3","8/1/2025 08:56:05","8/1/2025 08:56:06","0.01","15.19","16","0"
"965","3","8/1/2025 08:56:14","8/1/2025 08:56:15","0.01","15.23","16","0"
"966","3","8/1/2025 08:56:18","8/1/2025 08:56:19","0.01","15.25","16","0"
"967","3","8/1/2025 08:56:31","8/1/2025 08:56:32","0","15.3","16","0"
"968","3","8/1/2025 08:56:36","8/1/2025 08:56:37","0.01","15.33","16","0"
"969","3","8/1/2025 08:56:52","8/1/2025 08:56:53","0.01","15.4","16","0"
"970","3","8/1/2025 08:56:54","8/1/2025 08:56:55","0.01","15.41","16","0"
"971","3","8/1/2025 08:57:06","8/1/2025 08:57:07","0","15.46","16","0"
"972","3","8/1/2025 08:57:08","8/1/2025 08:57:09","0.01","15.47","16","0"
"973","3","8/1/2025 08:57:09","8/1/2025 08:57:10","0","15.47","16","0"
"974","3","8/1/2025 08:57:12","8/1/2025 08:57:13","0.01","15.49","16","0"
"975","3","8/1/2025 08:57:24","8/1/2025 08:57:25","0","15.54","16","0"
"976","3","8/1/2025 08:57:28","8/1/2025 08:57:29","0.01","15.56","16","0"
"977","3","8/1/2025 08:57:48","8/1/2025 08:57:49","0.01","15.65","16","0"
"978","3","8/1/2025 08:57:56","8/1/2025 08:57:57","0","15.68","16","0"
"979","3","8/1/2025 08:58:00","8/1/2025 08:58:01","0","15.7","16","0"
"980","3","8/1/2025 08:58:13","8/1/2025 08:58:14","0.01","15.76","16","0"
"981","3","8/1/2025 08:58:15","8/1/2025 08:58:16","0.01","15.77","16","0"
"982","3","8/1/2025 08:58:20","8/1/2025 08:58:21","0.01","15.79","16","0"
"983","3","8/1/2025 08:58:24","8/1/2025 08:58:25","0.01","15.81","16","0"
"984","3","8/1/2025 08:58:25","8/1/2025 08:58:26","0","15.81","16","0"
"985","3","8/1/2025 08:58:35","8/1/2025 08:58:36","0.01","15.86","16","0"
"986","3","8/1/2025 08:58:47","8/1/2025 08:58:48","0.01","15.91","16","0"
"987","3","8/1/2025 08:58:50","8/1/2025 08:58:51","0","15.92","16","0"
"988","3","8/1/2025 08:58:53","8/1/2025 08:58:54","0.01","15.94","16","0"
"989","3","8/1/2025 08:59:04","8/1/2025 08:59:05","0","15.98","16","0"
"990","3","8/1/2025 08:59:22","8/1/2025 08:59:23","0","16.06","16","0"
"991","3","8/1/2025 08:59:23","8/1/2025 08:59:24","0.01","16.07","16","0"
"992","3","8/1/2025 08:59:25","8/1/2025 08:59:26","0.01","16.08","16","0"
"993","3","8/1/2025 08:59:27","8/1/2025 08:59:28","0.01","16.09","16","0"
"994","3","8/1/2025 08:59:48","8/1/2025 08:59:49","0","16.18","16","0"
"995","3","8/1/2025 08:59:52","8/1/2025 08:59:53","0.17","16.85","600","0"
"996","3","8/1/2025 09:00:12","8/1/2025 09:00:13","0","18.18","0","0"
"997","3","8/1/2025 09:00:13","8/1/2025 09:00:14","0","18.18","0","0"
"998","3","8/1/2025 09:00:14","8/1/2025 09:00:15","0","18.18","0","0"
"999","3","8/1/2025 09:00:47","8/1/2025 09:00:48","0","18.18","0","0"
"1000","3","8/1/2025 09:00:50","8/1/2025 09:00:51","0","18.18","0","0"
"1001","3","8/1/2025 09:00:59","8/1/2025 09:01:00","0.01","18.2","10","0"
"1002","3","8/1/2025 09:01:00","8/1/2025 09:01:01","0","18.2","10","0"
"1003","3","8/1/2025 09:01:03","8/1/2025 09:01:04","0","18.21","10","0"
"1004","3","8/1/2025 09:01:09","8/1/2025 09:01:10","0","18.22","10","0"
"1005","3","8/1/2025 09:01:20","8/1/2025 09:01:21","0.01","18.26","10","0"
"1006","3","8/1/2025 09:01:23","8/1/2025 09:01:24","0","18.26","10","0"
"1007","3","8/1/2025 09:01:31","8/1/2025 09:01:32","0.01","18.29","10","0"
"1008","3","8/1/2025 09:01:40","8/1/2025 09:01:41","0","18.31","10","0"
"1009","3","8/1/2025 09:01:59","8/1/2025 09:02:00","0","18.36","10","0"
"1010","3","8/1/2025 09:02:07","8/1/2025 09:02:08","0.01","18.39","10","0"
"1011","3","8/1/2025 09:02:09","8/1/2025 09:02:10","0","18.39","10","0"
"1012","3","8/1/2025 09:02:29","8/1/2025 09:02:30","0.01","18.45","10","0"
"1013","3","8/1/2025 09:02:32","8/1/2025 09:02:33","0.01","18.46","10","0"
"1014","3","8/1/2025 09:02:41","8/1/2025 09:02:42","0","18.48","10","0"
"1015","3","8/1/2025 09:02:48","8/1/2025 09:02:49","0","18.5","10","0"
"1016","3","8/1/2025 09:02:49","8/1/2025 09:02:50","0","18.5","10","0"
"1017","3","8/1/2025 09:02:58","8/1/2025 09:02:59","0.01","18.53","10","0"
"1018","3","8/1/2025 09:02:59","8/1/2025 09:03:00","0","18.53","10","0"
"1019","3","8/1/2025 09:03:12","8/1/2025 09:03:13","0.01","18.57","10","0"
"1020","3","8/1/2025 09:03:19","8/1/2025 09:03:20","0.01","18.59","10","0"
"1021","3","8/1/2025 09:03:23","8/1/2025 09:03:24","0.01","18.6","10","0"
"1022","3","8/1/2025 09:03:28","8/1/2025 09:03:29","0","18.61","10","0"
"1023","3","8/1/2025 09:03:38","8/1/2025 09:03:39","0","18.64","10","0"
"1024","3","8/1/2025 09:03:47","8/1/2025 09:03:48","0","18.66","10","0"
"1025","3","8/1/2025 09:03:49","8/1/2025 09:03:50","0","18.67","10","0"
"1026","3","8/1/2025 09:03:55","8/1/2025 09:03:56","0.01","18.69","10","0"
"1027","3","8/1/2025 09:03:58","8/1/2025 09:03:59","0","18.69","10","0"
"1028","3","8/1/2025 09:04:00","8/1/2025 09:04:01","0","18.7","10","0"
"1029","3","8/1/2025 09:03:59","8/1/2025 09:04:00","0.01","18.7","10","0"
"1030","3","8/1/2025 09:04:02","8/1/2025 09:04:03","0.01","18.71","10","0"
"1031","3","8/1/2025 09:04:09","8/1/2025 09:04:10","0","18.72","10","0"
"1032","3","8/1/2025 09:04:15","8/1/2025 09:04:16","0","18.74","10","0"
"1033","3","8/1/2025 09:04:16","8/1/2025 09:04:17","0","18.74","10","0"
"1034","3","8/1/2025 09:04:23","8/1/2025 09:04:24","0","18.76","10","0"
"1035","3","8/1/2025 09:04:24","8/1/2025 09:04:25","0.01","18.77","10","0"
"1036","3","8/1/2025 09:04:29","8/1/2025 09:04:30","0","18.78","10","0"
"1037","3","8/1/2025 09:04:39","8/1/2025 09:04:40","0","18.81","10","0"
"1038","3","8/1/2025 09:04:43","8/1/2025 09:04:44","0","18.82","10","0"
"1039","3","8/1/2025 09:04:44","8/1/2025 09:04:45","0","18.82","10","0"
"1040","3","8/1/2025 09:04:46","8/1/2025 09:04:47","0.01","18.83","10","0"
"1041","3","8/1/2025 09:04:47","8/1/2025 09:04:48","0","18.83","10","0"
"1042","3","8/1/2025 09:04:49","8/1/2025 09:04:50","0.01","18.84","10","0"
"1043","3","8/1/2025 09:04:58","8/1/2025 09:04:59","0","18.86","10","0"
"1044","3","8/1/2025 09:04:59","8/1/2025 09:05:00","0","18.86","10","0"
"1045","3","8/1/2025 09:05:02","8/1/2025 09:05:03","0","18.87","10","0"
"1046","3","8/1/2025 09:05:03","8/1/2025 09:05:04","0","18.87","10","0"
"1047","3","8/1/2025 09:05:06","8/1/2025 09:05:07","0","18.88","10","0"
"1048","3","8/1/2025 09:05:07","8/1/2025 09:05:08","0.01","18.89","10","0"
"1049","3","8/1/2025 09:05:09","8/1/2025 09:05:10","0","18.89","10","0"
"1050","3","8/1/2025 09:05:12","8/1/2025 09:05:13","0","18.9","10","0"
"1051","3","8/1/2025 09:05:18","8/1/2025 09:05:19","0.01","18.92","10","0"
"1052","3","8/1/2025 09:05:23","8/1/2025 09:05:24","0","18.93","10","0"
"1053","3","8/1/2025 09:05:24","8/1/2025 09:05:25","0","18.93","10","0"
"1054","3","8/1/2025 09:05:29","8/1/2025 09:05:30","0.01","18.95","10","0"
"1055","3","8/1/2025 09:05:33","8/1/2025 09:05:34","0","18.96","10","0"
"1056","3","8/1/2025 09:05:35","8/1/2025 09:05:36","0","18.96","10","0"
"1057","3","8/1/2025 09:05:47","8/1/2025 09:05:48","0.01","19","10","0"
"1058","3","8/1/2025 09:05:49","8/1/2025 09:05:50","0","19","10","0"
"1059","3","8/1/2025 09:05:50","8/1/2025 09:05:51","0.01","19.01","10","0"
"1060","3","8/1/2025 09:05:51","8/1/2025 09:05:52","0","19.01","10","0"
"1061","3","8/1/2025 09:05:53","8/1/2025 09:05:54","0","19.01","10","0"
"1062","3","8/1/2025 09:05:59","8/1/2025 09:06:00","0","19.03","10","0"
"1063","3","8/1/2025 09:06:00","8/1/2025 09:06:01","0","19.03","10","0"
"1064","3","8/1/2025 09:06:05","8/1/2025 09:06:06","0.01","19.05","10","0"
"1065","3","8/1/2025 09:06:08","8/1/2025 09:06:09","0.01","19.06","10","0"
"1066","3","8/1/2025 09:06:11","8/1/2025 09:06:12","0","19.06","10","0"
"1067","3","8/1/2025 09:06:16","8/1/2025 09:06:17","0.01","19.08","10","0"
"1068","3","8/1/2025 09:06:18","8/1/2025 09:06:19","0","19.08","10","0"
"1069","3","8/1/2025 09:06:19","8/1/2025 09:06:20","0.01","19.09","10","0"
"1070","3","8/1/2025 09:06:21","8/1/2025 09:06:22","0","19.09","10","0"
"1071","3","8/1/2025 09:06:23","8/1/2025 09:06:24","0.01","19.1","10","0"
"1072","3","8/1/2025 09:06:26","8/1/2025 09:06:27","0.01","19.11","10","0"
"1073","3","8/1/2025 09:06:27","8/1/2025 09:06:28","0","19.11","10","0"
"1074","3","8/1/2025 09:06:28","8/1/2025 09:06:29","0","19.11","10","0"
"1075","3","8/1/2025 09:06:31","8/1/2025 09:06:32","0","19.12","10","0"
"1076","3","8/1/2025 09:06:38","8/1/2025 09:06:39","0","19.14","10","0"
"1077","3","8/1/2025 09:06:39","8/1/2025 09:06:40","0","19.14","10","0"
"1078","3","8/1/2025 09:06:43","8/1/2025 09:06:44","0","19.15","10","0"
"1079","3","8/1/2025 09:06:44","8/1/2025 09:06:45","0.01","19.16","10","0"
"1080","3","8/1/2025 09:06:45","8/1/2025 09:06:46","0","19.16","10","0"
"1081","3","8/1/2025 09:06:48","8/1/2025 09:06:49","0.01","19.17","10","0"
"1082","3","8/1/2025 09:06:49","8/1/2025 09:06:50","0","19.17","10","0"
"1083","3","8/1/2025 09:06:53","8/1/2025 09:06:54","0","19.18","10","0"
"1084","3","8/1/2025 09:06:55","8/1/2025 09:06:56","0.01","19.19","10","0"
"1085","3","8/1/2025 09:07:06","8/1/2025 09:07:07","0","19.21","10","0"
"1086","3","8/1/2025 09:07:10","8/1/2025 09:07:11","0","19.21","10","0"
"1087","3","8/1/2025 09:07:11","8/1/2025 09:07:12","0","19.21","10","0"
"1088","3","8/1/2025 09:07:12","8/1/2025 09:07:13","0","19.21","10","0"
"1089","3","8/1/2025 09:07:17","8/1/2025 09:07:18","0","19.21","10","0"
"1090","3","8/1/2025 09:07:18","8/1/2025 09:07:19","0","19.21","10","0"
"1091","3","8/1/2025 09:07:21","8/1/2025 09:07:22","0","19.21","10","0"
"1092","3","8/1/2025 09:07:22","8/1/2025 09:07:23","0","19.21","10","0"
"1093","3","8/1/2025 09:07:23","8/1/2025 09:07:24","0","19.21","10","0"
"1094","3","8/1/2025 09:07:28","8/1/2025 09:07:29","0","19.21","10","0"
"1095","3","8/1/2025 09:07:29","8/1/2025 09:07:30","0","19.21","10","0"
"1096","3","8/1/2025 09:07:30","8/1/2025 09:07:31","0","19.21","10","0"
"1097","3","8/1/2025 09:07:31","8/1/2025 09:07:32","0","19.21","10","0"
"1098","3","8/1/2025 09:07:32","8/1/2025 09:07:33","0","19.21","10","0"
"1099","3","8/1/2025 09:07:33","8/1/2025 09:07:34","0","19.21","10","0"
"1100","3","8/1/2025 09:07:36","8/1/2025 09:07:37","0","19.21","10","0"
"1101","3","8/1/2025 09:07:37","8/1/2025 09:07:38","0","19.21","10","0"
"1102","3","8/1/2025 09:07:38","8/1/2025 09:07:39","0","19.21","10","0"
"1103","3","8/1/2025 09:07:40","8/1/2025 09:07:41","0","19.21","10","0"
"1104","3","8/1/2025 09:07:44","8/1/2025 09:07:45","0","19.21","10","0"
"1105","3","8/1/2025 09:07:45","8/1/2025 09:07:46","0","19.21","10","0"
"1106","3","8/1/2025 09:07:47","8/1/2025 09:07:48","0","19.21","10","0"
"1107","3","8/1/2025 09:07:49","8/1/2025 09:07:50","0","19.21","10","0"
"1108","3","8/1/2025 09:07:52","8/1/2025 09:07:53","0","19.21","10","0"
"1109","3","8/1/2025 09:07:53","8/1/2025 09:07:54","0","19.21","10","0"
"1110","3","8/1/2025 09:07:58","8/1/2025 09:07:59","0","19.21","10","0"
"1111","3","8/1/2025 09:07:59","8/1/2025 09:08:00","0","19.21","10","0"
"1112","3","8/1/2025 09:08:00","8/1/2025 09:08:01","0","19.21","10","0"
"1113","3","8/1/2025 09:08:02","8/1/2025 09:08:03","0","19.21","10","0"
"1114","3","8/1/2025 09:08:03","8/1/2025 09:08:04","0","19.21","10","0"
"1115","3","8/1/2025 09:08:05","8/1/2025 09:08:06","0","19.21","10","0"
"1116","3","8/1/2025 09:08:08","8/1/2025 09:08:09","0","19.21","10","0"
"1117","3","8/1/2025 09:08:09","8/1/2025 09:08:10","0","19.21","10","0"
"1118","3","8/1/2025 09:08:11","8/1/2025 09:08:12","0","19.21","10","0"
"1119","3","8/1/2025 09:08:12","8/1/2025 09:08:13","0","19.21","10","0"
"1120","3","8/1/2025 09:08:14","8/1/2025 09:08:15","0","19.21","10","0"
"1121","3","8/1/2025 09:08:19","8/1/2025 09:08:20","0","19.21","10","0"
"1122","3","8/1/2025 09:08:20","8/1/2025 09:08:21","0","19.21","10","0"
"1123","3","8/1/2025 09:08:21","8/1/2025 09:08:22","0","19.21","10","0"
"1124","3","8/1/2025 09:08:22","8/1/2025 09:08:23","0","19.21","10","0"
"1125","3","8/1/2025 09:08:23","8/1/2025 09:08:24","0","19.21","10","0"
"1126","3","8/1/2025 09:08:24","8/1/2025 09:08:25","0","19.21","10","0"
"1127","3","8/1/2025 09:08:25","8/1/2025 09:08:26","0","19.21","10","0"
"1128","3","8/1/2025 09:08:26","8/1/2025 09:08:27","0","19.21","10","0"
"1129","3","8/1/2025 09:08:28","8/1/2025 09:08:29","0","19.21","10","0"
"1130","3","8/1/2025 09:08:32","8/1/2025 09:08:33","0","19.21","10","0"
"1131","3","8/1/2025 09:08:35","8/1/2025 09:08:36","0","19.21","10","0"
"1132","3","8/1/2025 09:08:36","8/1/2025 09:08:37","0","19.21","10","0"
"1133","3","8/1/2025 09:08:37","8/1/2025 09:08:38","0","19.21","10","0"
"1134","3","8/1/2025 09:08:38","8/1/2025 09:08:39","0","19.21","10","0"
"1135","3","8/1/2025 09:08:40","8/1/2025 09:08:41","0","19.21","10","0"
"1136","3","8/1/2025 09:08:47","8/1/2025 09:08:48","0","19.21","10","0"
"1137","3","8/1/2025 09:08:49","8/1/2025 09:08:50","0","19.21","10","0"
"1138","3","8/1/2025 09:08:50","8/1/2025 09:08:51","0","19.21","10","0"
"1139","3","8/1/2025 09:08:51","8/1/2025 09:08:52","0","19.21","10","0"
"1140","3","8/1/2025 09:08:56","8/1/2025 09:08:57","0","19.21","10","0"
"1141","3","8/1/2025 09:08:59","8/1/2025 09:09:00","0","19.21","10","0"
"1142","3","8/1/2025 09:09:01","8/1/2025 09:09:02","0","19.21","10","0"
"1143","3","8/1/2025 09:09:04","8/1/2025 09:09:05","0","19.21","10","0"
"1144","3","8/1/2025 09:09:05","8/1/2025 09:09:06","0","19.21","10","0"
"1145","3","8/1/2025 09:09:06","8/1/2025 09:09:07","0","19.21","10","0"
"1146","3","8/1/2025 09:09:07","8/1/2025 09:09:08","0","19.21","10","0"
"1147","3","8/1/2025 09:09:08","8/1/2025 09:09:09","0","19.21","10","0"
"1148","3","8/1/2025 09:09:11","8/1/2025 09:09:12","0","19.21","10","0"
"1149","3","8/1/2025 09:09:13","8/1/2025 09:09:14","0","19.21","10","0"
"1150","3","8/1/2025 09:09:14","8/1/2025 09:09:15","0","19.21","10","0"
"1151","3","8/1/2025 09:09:16","8/1/2025 09:09:17","0","19.21","10","0"
"1152","3","8/1/2025 09:09:17","8/1/2025 09:09:18","0","19.21","10","0"
"1153","3","8/1/2025 09:09:18","8/1/2025 09:09:19","0","19.21","10","0"
"1154","3","8/1/2025 09:09:20","8/1/2025 09:09:21","0","19.21","10","0"
"1155","3","8/1/2025 09:09:21","8/1/2025 09:09:22","0","19.21","10","0"
"1156","3","8/1/2025 09:09:23","8/1/2025 09:09:24","0","19.21","10","0"
"1157","3","8/1/2025 09:09:24","8/1/2025 09:09:25","0","19.21","10","0"
"1158","3","8/1/2025 09:09:28","8/1/2025 09:09:29","0","19.21","10","0"
"1159","3","8/1/2025 09:09:29","8/1/2025 09:09:30","0","19.21","10","0"
"1160","3","8/1/2025 09:09:30","8/1/2025 09:09:31","0","19.21","10","0"
"1161","3","8/1/2025 09:09:31","8/1/2025 09:09:32","0","19.21","10","0"
"1162","3","8/1/2025 09:09:34","8/1/2025 09:09:35","0","19.21","10","0"
"1163","3","8/1/2025 09:09:35","8/1/2025 09:09:36","0","19.21","10","0"
"1164","3","8/1/2025 09:09:36","8/1/2025 09:09:37","0","19.21","10","0"
"1165","3","8/1/2025 09:09:37","8/1/2025 09:09:38","0","19.21","10","0"
"1166","3","8/1/2025 09:09:38","8/1/2025 09:09:39","0","19.21","10","0"
"1167","3","8/1/2025 09:09:39","8/1/2025 09:09:40","0","19.21","10","0"
"1168","3","8/1/2025 09:09:40","8/1/2025 09:09:41","0","19.21","10","0"
"1169","3","8/1/2025 09:09:42","8/1/2025 09:09:43","0","19.21","10","0"
"1170","3","8/1/2025 09:09:43","8/1/2025 09:09:44","0","19.21","10","0"
"1171","3","8/1/2025 09:09:44","8/1/2025 09:09:45","0","19.21","10","0"
"1172","3","8/1/2025 09:09:45","8/1/2025 09:09:46","0","19.21","10","0"
"1173","3","8/1/2025 09:09:46","8/1/2025 09:09:47","0","19.21","10","0"
"1174","3","8/1/2025 09:09:47","8/1/2025 09:09:48","0","19.21","10","0"
"1175","3","8/1/2025 09:09:48","8/1/2025 09:09:49","0","19.21","10","0"
"1176","3","8/1/2025 09:09:49","8/1/2025 09:09:50","0","19.21","10","0"
"1177","3","8/1/2025 09:09:50","8/1/2025 09:09:51","0","19.21","10","0"
"1178","3","8/1/2025 09:09:51","8/1/2025 09:09:52","0","19.21","10","0"
"1179","3","8/1/2025 09:09:52","8/1/2025 09:09:53","0","19.21","10","0"
"1180","3","8/1/2025 09:09:53","8/1/2025 09:09:54","0","19.21","10","0"
"1181","3","8/1/2025 09:09:54","8/1/2025 09:09:55","0","19.21","10","0"
"1182","3","8/1/2025 09:09:55","8/1/2025 09:09:56","0","19.21","10","0"
"1183","3","8/1/2025 09:09:58","8/1/2025 09:09:59","0","19.21","10","0"
"1184","3","8/1/2025 09:09:59","8/1/2025 09:10:00","0","19.21","10","0"
"1185","3","8/1/2025 09:10:00","8/1/2025 09:10:01","0","19.21","10","0"
"1186","3","8/1/2025 09:10:01","8/1/2025 09:10:02","0","19.21","10","0"
"1187","3","8/1/2025 09:10:02","8/1/2025 09:10:03","0","19.21","10","0"
"1188","3","8/1/2025 09:10:03","8/1/2025 09:10:04","0","19.21","10","0"
"1189","3","8/1/2025 09:10:04","8/1/2025 09:10:05","0","19.21","10","0"
"1190","3","8/1/2025 09:10:05","8/1/2025 09:10:06","0","19.21","10","0"
"1191","3","8/1/2025 09:10:08","8/1/2025 09:10:09","0","19.21","10","0"
"1192","3","8/1/2025 09:10:10","8/1/2025 09:10:11","0","19.21","10","0"
"1193","3","8/1/2025 09:10:11","8/1/2025 09:10:12","0","19.21","10","0"
"1194","3","8/1/2025 09:10:12","8/1/2025 09:10:13","0","19.21","10","0"
"1195","3","8/1/2025 09:10:13","8/1/2025 09:10:14","0","19.21","10","0"
"1196","3","8/1/2025 09:10:14","8/1/2025 09:10:15","0","19.21","10","0"
"1197","3","8/1/2025 09:10:16","8/1/2025 09:10:17","0","19.21","10","0"
"1198","3","8/1/2025 09:10:20","8/1/2025 09:10:21","0","19.21","10","0"
"1199","3","8/1/2025 09:10:21","8/1/2025 09:10:22","0","19.21","10","0"
"1200","3","8/1/2025 09:10:22","8/1/2025 09:10:23","0","19.21","10","0"
"1201","3","8/1/2025 09:10:25","8/1/2025 09:10:26","0","19.21","10","0"
"1202","3","8/1/2025 09:10:26","8/1/2025 09:10:27","0","19.21","10","0"
"1203","3","8/1/2025 09:10:27","8/1/2025 09:10:28","0","19.21","10","0"
"1204","3","8/1/2025 09:10:28","8/1/2025 09:10:29","0","19.21","10","0"
"1205","3","8/1/2025 09:10:32","8/1/2025 09:10:33","0","19.21","10","0"
"1206","3","8/1/2025 09:10:34","8/1/2025 09:10:35","0","19.21","10","0"
"1207","3","8/1/2025 09:10:36","8/1/2025 09:10:37","0","19.21","10","0"
"1208","3","8/1/2025 09:10:37","8/1/2025 09:10:38","0","19.21","10","0"
"1209","3","8/1/2025 09:10:38","8/1/2025 09:10:39","0","19.21","10","0"
"1210","3","8/1/2025 09:10:39","8/1/2025 09:10:40","0","19.21","10","0"
"1211","3","8/1/2025 09:10:40","8/1/2025 09:10:41","0","19.21","10","0"
"1212","3","8/1/2025 09:10:42","8/1/2025 09:10:43","0","19.21","10","0"
"1213","3","8/1/2025 09:10:45","8/1/2025 09:10:46","0","19.21","10","0"
"1214","3","8/1/2025 09:10:46","8/1/2025 09:10:47","0","19.21","10","0"
"1215","3","8/1/2025 09:10:47","8/1/2025 09:10:48","0","19.21","10","0"
"1216","3","8/1/2025 09:10:48","8/1/2025 09:10:49","0","19.21","10","0"
"1217","3","8/1/2025 09:10:49","8/1/2025 09:10:50","0","19.21","10","0"
"1218","3","8/1/2025 09:10:50","8/1/2025 09:10:51","0","19.21","10","0"
"1219","3","8/1/2025 09:10:52","8/1/2025 09:10:53","0","19.21","10","0"
"1220","3","8/1/2025 09:10:53","8/1/2025 09:10:54","0","19.21","10","0"
"1221","3","8/1/2025 09:10:54","8/1/2025 09:10:55","0","19.21","10","0"
"1222","3","8/1/2025 09:10:55","8/1/2025 09:10:56","0","19.21","10","0"
"1223","3","8/1/2025 09:10:56","8/1/2025 09:10:57","0","19.21","10","0"
"1224","3","8/1/2025 09:10:57","8/1/2025 09:10:58","0","19.21","10","0"
"1225","3","8/1/2025 09:10:58","8/1/2025 09:10:59","0","19.21","10","0"
"1226","3","8/1/2025 09:10:59","8/1/2025 09:11:00","0","19.21","10","0"
"1227","3","8/1/2025 09:11:01","8/1/2025 09:11:02","0","19.21","10","0"
"1228","3","8/1/2025 09:11:02","8/1/2025 09:11:03","0","19.21","10","0"
"1229","3","8/1/2025 09:11:03","8/1/2025 09:11:04","0","19.21","10","0"
"1230","3","8/1/2025 09:11:04","8/1/2025 09:11:05","0","19.21","10","0"
"1231","3","8/1/2025 09:11:05","8/1/2025 09:11:06","0","19.21","10","0"
"1232","3","8/1/2025 09:11:06","8/1/2025 09:11:07","0","19.21","10","0"
"1233","3","8/1/2025 09:11:07","8/1/2025 09:11:08","0","19.21","10","0"
"1234","3","8/1/2025 09:11:08","8/1/2025 09:11:09","0","19.21","10","0"
"1235","3","8/1/2025 09:11:09","8/1/2025 09:11:10","0","19.21","10","0"
"1236","3","8/1/2025 09:11:10","8/1/2025 09:11:11","0","19.21","10","0"
"1237","3","8/1/2025 09:11:11","8/1/2025 09:11:12","0","19.21","10","0"
"1238","3","8/1/2025 09:11:12","8/1/2025 09:11:13","0","19.21","10","0"
"1239","3","8/1/2025 09:11:13","8/1/2025 09:11:14","0","19.21","10","0"
"1240","3","8/1/2025 09:11:15","8/1/2025 09:11:16","0","19.21","10","0"
"1241","3","8/1/2025 09:11:17","8/1/2025 09:11:18","0","19.21","10","0"
"1242","3","8/1/2025 09:11:18","8/1/2025 09:11:19","0","19.21","10","0"
"1243","3","8/1/2025 09:11:20","8/1/2025 09:11:21","0","19.21","10","0"
"1244","3","8/1/2025 09:11:22","8/1/2025 09:11:23","0","19.21","10","0"
"1245","3","8/1/2025 09:11:23","8/1/2025 09:11:24","0","19.21","10","0"
"1246","3","8/1/2025 09:11:24","8/1/2025 09:11:25","0","19.21","10","0"
"1247","3","8/1/2025 09:11:25","8/1/2025 09:11:26","0","19.21","10","0"
"1248","3","8/1/2025 09:11:28","8/1/2025 09:11:29","0","19.21","10","0"
"1249","3","8/1/2025 09:11:30","8/1/2025 09:11:31","0","19.21","10","0"
